area,raw_change_f1,best_shift_change_f1,best_dy,best_dx,centroid_true_y,centroid_true_x,centroid_model_y,centroid_model_x
xiong_an_fringe_holdout,0.23188405797101452,0.35398230088495575,3,3,14.064,13.152,10.728476821192054,13.264900662251655
beibu_gulf_urban_holdout,0.2845849802371541,0.2845849802371541,0,0,10.766666666666667,13.05,11.015544041450777,11.797927461139896
fuzhou_delta_urban_holdout,0.4166666666666667,0.4166666666666667,0,0,13.727272727272727,9.272727272727273,13.243243243243244,10.216216216216216
nanning_fringe_holdout,0.4864864864864865,0.4864864864864865,0,0,11.132530120481928,11.19277108433735,11.630681818181818,12.198863636363637
suzhou_fringe_holdout,0.15909090909090912,0.25301204819277107,0,1,8.51063829787234,11.063829787234043,9.310077519379846,12.333333333333334
wuhan_outer_ring_holdout,0.29523809523809524,0.29523809523809524,0,0,8.583333333333334,10.65,9.386666666666667,12.7
