area,start_decode_accuracy,end_decode_accuracy,true_change_pixels,decoded_observed_change_pixels,decoded_observed_change_precision,decoded_observed_change_recall,decoded_observed_change_f1,decoded_observed_best_shift_change_f1,decoded_observed_best_dy,decoded_observed_best_dx,model_change_f1_label_start,model_change_f1_decoded_start,model_end_accuracy,model_start_accuracy
xiong_an_fringe_holdout,0.7361111111111112,0.6527777777777778,125,46,0.5652173913043478,0.208,0.30409356725146197,0.30409356725146197,0,0,0.23188405797101452,0.0,0.6197916666666666,0.7378472222222222
beibu_gulf_urban_holdout,0.6521739130434783,0.6485507246376812,60,34,0.11764705882352941,0.06666666666666667,0.0851063829787234,0.1739130434782609,0,1,0.2845849802371541,0.0,0.6521739130434783,0.6503623188405797
fuzhou_delta_urban_holdout,0.9338374291115312,0.9527410207939508,11,5,0.0,0.0,0.0,0.26666666666666666,2,2,0.4166666666666667,0.0,0.945179584120983,0.9300567107750473
nanning_fringe_holdout,0.6918714555765595,0.725897920604915,83,67,0.2835820895522388,0.2289156626506024,0.2533333333333333,0.2533333333333333,0,0,0.4864864864864865,0.08403361344537814,0.7051039697542533,0.667296786389414
suzhou_fringe_holdout,0.7731568998109641,0.7655954631379962,47,39,0.15384615384615385,0.1276595744680851,0.13953488372093026,0.17073170731707318,2,-1,0.15909090909090912,0.0779220779220779,0.7126654064272212,0.7561436672967864
wuhan_outer_ring_holdout,0.6805293005671077,0.6578449905482041,60,62,0.16129032258064516,0.16666666666666666,0.16393442622950818,0.20202020202020202,4,-4,0.29523809523809524,0.208,0.7051039697542533,0.7164461247637051
