true_transition,n_true_pixels,decoded_start_top,decoded_end_top,model_end_top,mean_true_end_prob,median_true_end_prob,top_mean_prob_class,top_mean_prob,second_mean_prob_class,second_mean_prob
5->7,16,5:9;7:7,5:8;7:7;1:1,5:9;7:7,0.450476,0.293803,5,0.483125,7,0.450476
2->5,12,5:10;7:2,5:10;7:2,5:10;7:2,0.670487,0.676589,5,0.670487,7,0.26897
5->2,10,5:9;7:1,5:8;7:2,5:9;7:1,0.029499,0.025703,5,0.681008,7,0.266582
1->7,4,7:2;1:1;5:1,5:2;1:1;7:1,7:2;1:1;5:1,0.266318,0.276522,5,0.49871,7,0.266318
2->7,3,7:2;5:1,7:2;5:1,7:2;5:1,0.756592,0.80577,7,0.756592,5,0.21336
7->5,3,5:3,5:3,5:3,0.8417,0.827604,5,0.8417,7,0.128973
2->11,2,5:2,5:1;7:1,5:2,0.153297,0.153297,5,0.474236,7,0.305656
5->1,2,5:2,5:2,5:2,0.040509,0.040509,5,0.917976,1,0.040509
