true_transition,n_true_pixels,observed_end_top,forecast_end_top,observed_mean_true_end_prob,observed_median_true_end_prob,forecast_mean_true_end_prob,forecast_median_true_end_prob,mean_true_end_prob_delta,observed_top_mean_prob_class,observed_top_mean_prob,forecast_top_mean_prob_class,forecast_top_mean_prob
5->7,16,5:8;7:7;1:1,5:9;7:7,0.450476,0.293803,0.459333,0.365362,0.008857,5,0.483125,5,0.512896
2->5,12,5:10;7:2,5:10;7:2,0.670487,0.676589,0.696436,0.785453,0.025949,5,0.670487,5,0.696436
5->2,10,5:8;7:2,5:9;7:1,0.029499,0.025703,0.033369,0.024734,0.00387,5,0.681008,5,0.704185
1->7,4,5:2;1:1;7:1,7:2;1:1;5:1,0.266318,0.276522,0.33265,0.286807,0.066332,5,0.49871,5,0.423617
2->7,3,7:2;5:1,7:2;5:1,0.756592,0.80577,0.72599,0.74775,-0.030602,7,0.756592,7,0.72599
7->5,3,5:3,5:3,0.8417,0.827604,0.779341,0.868031,-0.062359,5,0.8417,5,0.779341
2->11,2,5:1;7:1,5:2,0.153297,0.153297,0.080993,0.080993,-0.072304,5,0.474236,5,0.533061
5->1,2,5:2,5:2,0.040509,0.040509,0.014017,0.014017,-0.026492,5,0.917976,5,0.973571
