true_transition,n_true_pixels,decoded_start_top,decoded_end_top,model_end_top,mean_true_end_prob,median_true_end_prob,top_mean_prob_class,top_mean_prob,second_mean_prob_class,second_mean_prob
5->2,22,7:11;5:7;2:4,2:8;7:8;5:5;11:1,7:13;5:5;2:4,0.286825,0.100668,5,0.330443,7,0.313964
5->7,22,7:17;5:5,7:17;5:5,7:17;5:5,0.637278,0.604376,7,0.637278,5,0.275468
7->5,11,7:7;5:4,7:6;5:5,7:7;5:4,0.368305,0.336988,7,0.50982,5,0.368305
2->5,5,7:3;5:2,5:4;2:1,7:4;5:1,0.562202,0.517655,5,0.562202,7,0.218804
11->2,5,2:3;5:1;7:1,2:4;5:1,2:3;5:1;7:1,0.836126,0.979076,2,0.836126,5,0.118182
2->7,4,7:4,7:4,7:4,0.671307,0.675035,7,0.671307,5,0.249768
1->7,2,7:2,7:2,7:2,0.823745,0.823745,7,0.823745,5,0.098126
5->1,2,5:1;7:1,5:1;7:1,5:1;7:1,0.002426,0.002426,5,0.528225,7,0.442438
