true_transition,n_true_pixels,observed_end_top,forecast_end_top,observed_mean_true_end_prob,observed_median_true_end_prob,forecast_mean_true_end_prob,forecast_median_true_end_prob,mean_true_end_prob_delta,observed_top_mean_prob_class,observed_top_mean_prob,forecast_top_mean_prob_class,forecast_top_mean_prob
5->2,22,2:8;7:8;5:5;11:1,7:13;5:5;2:4,0.286825,0.100668,0.153,0.056083,-0.133825,5,0.330443,7,0.538595
5->7,22,7:17;5:5,7:17;5:5,0.637278,0.604376,0.659256,0.673602,0.021978,7,0.637278,7,0.659256
7->5,11,7:6;5:5,7:7;5:4,0.368305,0.336988,0.363255,0.261968,-0.00505,7,0.50982,7,0.563912
2->5,5,5:4;2:1,7:4;5:1,0.562202,0.517655,0.393533,0.286981,-0.168669,5,0.562202,7,0.443857
11->2,5,2:4;5:1,2:3;5:1;7:1,0.836126,0.979076,0.558199,0.644149,-0.277927,2,0.836126,2,0.558199
2->7,4,7:4,7:4,0.671307,0.675035,0.705928,0.726289,0.034621,7,0.671307,7,0.705928
1->7,2,7:2,7:2,0.823745,0.823745,0.894609,0.894609,0.070864,7,0.823745,7,0.894609
5->1,2,5:1;7:1,5:1;7:1,0.002426,0.002426,0.003295,0.003295,0.000869,5,0.528225,7,0.494808
