true_transition,n_true_pixels,observed_end_top,forecast_end_top,observed_mean_true_end_prob,observed_median_true_end_prob,forecast_mean_true_end_prob,forecast_median_true_end_prob,mean_true_end_prob_delta,observed_top_mean_prob_class,observed_top_mean_prob,forecast_top_mean_prob_class,forecast_top_mean_prob
5->7,19,5:11;7:6;1:2,5:16;7:3,0.34935,0.147717,0.135914,0.007791,-0.213436,5,0.544693,5,0.812481
1->7,6,1:2;5:2;7:2,1:2;5:2;7:2,0.2828,0.082245,0.258515,0.088321,-0.024285,1,0.427671,1,0.389869
7->1,5,7:5,7:5,0.178427,0.14949,0.155029,0.163381,-0.023398,7,0.740439,7,0.76469
5->11,3,5:3,5:3,0.098482,0.081608,0.012245,0.016656,-0.086237,5,0.808573,5,0.933124
7->5,3,7:2;5:1,7:2;5:1,0.259847,0.00805,0.330225,0.008492,0.070378,7,0.669883,7,0.663114
7->11,3,7:2;1:1,7:2;5:1,0.028883,0.02139,0.003367,0.003465,-0.025516,7,0.375247,7,0.505388
1->5,2,1:1;5:1,1:1;5:1,0.284127,0.284127,0.359769,0.359769,0.075642,1,0.685859,1,0.608237
11->7,2,7:2,7:2,0.999935,0.999935,0.999896,0.999896,-3.9e-05,7,0.999935,7,0.999896
