true_transition,n_true_pixels,decoded_start_top,decoded_end_top,model_end_top,mean_true_end_prob,median_true_end_prob,top_mean_prob_class,top_mean_prob,second_mean_prob_class,second_mean_prob
5->7,19,5:14;7:5,5:11;7:6;1:2,5:16;7:3,0.34935,0.147717,5,0.544693,7,0.34935
1->7,6,1:2;5:2;7:2,1:2;5:2;7:2,1:2;5:2;7:2,0.2828,0.082245,1,0.427671,7,0.2828
7->1,5,7:5,7:5,7:5,0.178427,0.14949,7,0.740439,1,0.178427
5->11,3,5:3,5:3,5:3,0.098482,0.081608,5,0.808573,11,0.098482
7->5,3,7:2;5:1,7:2;5:1,7:2;5:1,0.259847,0.00805,7,0.669883,5,0.259847
7->11,3,7:2;5:1,7:2;1:1,7:2;5:1,0.028883,0.02139,7,0.375247,5,0.364893
1->5,2,1:1;5:1,1:1;5:1,1:1;5:1,0.284127,0.284127,1,0.685859,5,0.284127
11->7,2,7:2,7:2,7:2,0.999935,0.999935,7,0.999935,5,3.4e-05
