true_transition,n_true_pixels,observed_end_top,forecast_end_top,observed_mean_true_end_prob,observed_median_true_end_prob,forecast_mean_true_end_prob,forecast_median_true_end_prob,mean_true_end_prob_delta,observed_top_mean_prob_class,observed_top_mean_prob,forecast_top_mean_prob_class,forecast_top_mean_prob
5->7,16,7:9;5:6;2:1,5:12;7:4,0.582249,0.620146,0.286134,0.127084,-0.296115,7,0.582249,5,0.668674
7->5,11,2:5;7:4;5:2,5:5;2:3;7:3,0.22881,0.166497,0.355828,0.329399,0.127018,2,0.363817,5,0.355828
2->5,7,5:4;2:3,5:4;2:3,0.441112,0.44769,0.518537,0.584695,0.077425,5,0.441112,5,0.518537
2->7,7,7:4;2:3,7:4;2:3,0.408696,0.407479,0.300254,0.366197,-0.108442,2,0.419821,2,0.445155
5->1,5,1:4;2:1,1:2;5:2;2:1,0.667179,0.731081,0.418868,0.370999,-0.248311,1,0.667179,1,0.418868
1->5,3,2:2;5:1,2:3,0.157943,0.064311,0.32356,0.343335,0.165617,2,0.636389,2,0.558561
5->11,3,5:2;7:1,5:3,0.113548,0.072663,0.024195,0.011991,-0.089353,5,0.59318,5,0.819329
5->2,2,1:1;2:1,1:1;2:1,0.480949,0.480949,0.409792,0.409792,-0.071157,1,0.499522,1,0.496453
