true_transition,n_true_pixels,decoded_start_top,decoded_end_top,model_end_top,mean_true_end_prob,median_true_end_prob,top_mean_prob_class,top_mean_prob,second_mean_prob_class,second_mean_prob
5->7,16,5:8;7:8,7:9;5:6;2:1,5:12;7:4,0.582249,0.620146,7,0.582249,5,0.333901
7->5,11,7:6;2:4;5:1,2:5;7:4;5:2,5:5;2:3;7:3,0.22881,0.166497,2,0.363817,7,0.337783
2->5,7,2:3;5:3;7:1,5:4;2:3,5:4;2:3,0.441112,0.44769,5,0.441112,2,0.355806
2->7,7,7:4;2:3,7:4;2:3,7:4;2:3,0.408696,0.407479,2,0.419821,7,0.408696
5->1,5,1:3;2:2,1:4;2:1,1:2;5:2;2:1,0.667179,0.731081,1,0.667179,2,0.165461
1->5,3,2:3,2:2;5:1,2:3,0.157943,0.064311,2,0.636389,5,0.157943
5->11,3,5:2;7:1,5:2;7:1,5:3,0.113548,0.072663,5,0.59318,7,0.229804
5->2,2,1:1;2:1,1:1;2:1,1:1;2:1,0.480949,0.480949,1,0.499522,2,0.480949
