area,start_decode_accuracy,end_decode_accuracy,true_change_pixels,decoded_observed_change_pixels,decoded_observed_change_precision,decoded_observed_change_recall,decoded_observed_change_f1,decoded_observed_best_shift_change_f1,decoded_observed_best_dy,decoded_observed_best_dx,model_change_f1_label_start,model_change_f1_decoded_start,model_end_accuracy,model_start_accuracy
liaohe_delta_wetland_holdout,0.5897920604914934,0.5519848771266541,62,35,0.2857142857142857,0.16129032258064516,0.20618556701030927,0.27368421052631575,-3,-3,0.1792114695340502,0.0857142857142857,0.5368620037807184,0.5897920604914934
erlong_lake_margin_holdout,0.8582230623818525,0.8166351606805293,36,26,0.23076923076923078,0.16666666666666666,0.1935483870967742,0.22580645161290322,0,-1,0.13953488372093023,0.1095890410958904,0.7882797731568998,0.8241965973534972
honghu_lake_margin_holdout,0.9262759924385633,0.9187145557655955,22,32,0.15625,0.22727272727272727,0.18518518518518515,0.2857142857142857,0,-1,0.3333333333333333,0.060606060606060615,0.9224952741020794,0.9281663516068053
zhalong_wetland_edge_holdout,0.7296786389413988,0.6446124763705104,89,143,0.34265734265734266,0.550561797752809,0.42241379310344823,0.4473684210526315,0,1,0.31050228310502287,0.2777777777777778,0.6937618147448015,0.7542533081285444
wenan_lakeplain_newtown_holdout,0.8188405797101449,0.8097826086956522,10,9,0.0,0.0,0.0,0.13333333333333333,4,-4,0.05405405405405406,0.0,0.8097826086956522,0.8170289855072463
