area,raw_change_f1,best_shift_change_f1,best_dy,best_dx,centroid_true_y,centroid_true_x,centroid_model_y,centroid_model_x
liaohe_delta_wetland_holdout,0.1792114695340502,0.3942307692307692,2,-4,13.85483870967742,6.354838709677419,15.294930875576037,8.953917050691244
erlong_lake_margin_holdout,0.13953488372093023,0.25242718446601947,-3,-1,7.111111111111111,9.694444444444445,7.634408602150538,12.978494623655914
honghu_lake_margin_holdout,0.3333333333333333,0.3333333333333333,0,0,10.0,5.363636363636363,10.789473684210526,5.526315789473684
zhalong_wetland_edge_holdout,0.31050228310502287,0.31050228310502287,0,0,14.03370786516854,9.044943820224718,10.569230769230769,10.215384615384615
wenan_lakeplain_newtown_holdout,0.05405405405405406,0.09523809523809525,3,0,12.8,11.6,8.772277227722773,10.603960396039604
