true_transition,n_true_pixels,decoded_start_top,decoded_end_top,model_end_top,mean_true_end_prob,median_true_end_prob,top_mean_prob_class,top_mean_prob,second_mean_prob_class,second_mean_prob
5->11,28,5:27;11:1,5:24;2:4,5:24;11:4,0.106272,0.08007,5,0.742999,11,0.106272
7->5,3,5:2;7:1,5:2;7:1,5:2;7:1,0.602298,0.855199,5,0.602298,7,0.363752
2->11,2,5:1;11:1,2:1;7:1,11:2,0.057486,0.057486,2,0.533065,7,0.219306
5->1,2,5:2,5:2,5:2,0.044924,0.044924,5,0.585921,11,0.303718
1->11,1,5:1,5:1,5:1,0.175472,0.175472,5,0.710173,11,0.175472
