true_transition,n_true_pixels,decoded_start_top,decoded_end_top,model_end_top,mean_true_end_prob,median_true_end_prob,top_mean_prob_class,top_mean_prob,second_mean_prob_class,second_mean_prob
5->1,16,1:8;5:8,1:12;5:4,5:9;1:7,0.760025,0.968891,1,0.760025,5,0.237005
1->5,3,1:2;5:1,1:2;5:1,1:2;5:1,0.216226,0.028992,1,0.781405,5,0.216226
1->7,1,1:1,1:1,1:1,0.000511,0.000511,1,0.985098,5,0.011812
7->1,1,5:1,1:1,5:1,0.539742,0.539742,1,0.539742,5,0.434351
7->5,1,5:1,5:1,5:1,0.803994,0.803994,5,0.803994,1,0.183408
