true_transition,n_true_pixels,decoded_start_top,decoded_end_top,model_end_top,mean_true_end_prob,median_true_end_prob,top_mean_prob_class,top_mean_prob,second_mean_prob_class,second_mean_prob
5->11,29,5:27;1:1;11:1,5:26;1:3,5:28;1:1,0.055286,0.051037,5,0.768398,1,0.167576
1->11,13,5:8;1:5,5:8;1:5,5:8;1:5,0.0489,0.045123,5,0.549268,1,0.394334
11->5,7,5:6;11:1,5:7,5:6;11:1,0.902671,0.927767,5,0.902671,11,0.069679
4->11,4,1:2;5:2,1:3;5:1,1:2;5:2,0.048985,0.027867,1,0.678226,5,0.269845
1->5,2,1:1;5:1,1:1;5:1,1:1;5:1,0.404065,0.404065,1,0.557404,5,0.404065
4->1,2,1:1;5:1,1:1;5:1,1:1;5:1,0.58176,0.58176,1,0.58176,5,0.390481
11->4,2,11:2,5:2,5:1;11:1,0.00581,0.00581,5,0.882694,11,0.079839
1->8,1,1:1,1:1,1:1,,,1,0.705836,5,0.241247
