true_transition,n_true_pixels,observed_end_top,forecast_end_top,observed_mean_true_end_prob,observed_median_true_end_prob,forecast_mean_true_end_prob,forecast_median_true_end_prob,mean_true_end_prob_delta,observed_top_mean_prob_class,observed_top_mean_prob,forecast_top_mean_prob_class,forecast_top_mean_prob
5->11,29,5:26;1:3,5:28;1:1,0.055286,0.051037,0.116348,0.06905,0.061062,5,0.768398,5,0.773621
1->11,13,5:8;1:5,5:8;1:5,0.0489,0.045123,0.068495,0.055556,0.019595,5,0.549268,5,0.533373
11->5,7,5:7,5:6;11:1,0.902671,0.927767,0.746146,0.715192,-0.156525,5,0.902671,5,0.746146
4->11,4,1:3;5:1,1:2;5:2,0.048985,0.027867,0.14031,0.141552,0.091325,1,0.678226,1,0.447085
1->5,2,1:1;5:1,1:1;5:1,0.404065,0.404065,0.615508,0.615508,0.211443,1,0.557404,5,0.615508
4->1,2,1:1;5:1,1:1;5:1,0.58176,0.58176,0.509134,0.509134,-0.072626,1,0.58176,1,0.509134
11->4,2,5:2,5:1;11:1,0.00581,0.00581,0.004647,0.004647,-0.001163,5,0.882694,11,0.490684
1->8,1,1:1,1:1,,,,,,,,,
