true_transition,n_true_pixels,decoded_start_top,decoded_end_top,model_end_top,mean_true_end_prob,median_true_end_prob,top_mean_prob_class,top_mean_prob,second_mean_prob_class,second_mean_prob
5->11,15,5:13;1:1;7:1,11:5;1:4;5:3;7:3,5:12;11:2;1:1,0.265962,0.354235,1,0.287648,11,0.265962
5->4,14,5:14,1:10;5:2;11:2,5:14,0.030019,0.032524,1,0.57187,11,0.183848
5->7,11,7:6;5:4;2:1,7:9;2:1;5:1,5:5;7:5;2:1,0.716725,0.853325,7,0.716725,5,0.123772
7->5,10,7:5;5:4;1:1,5:4;7:4;1:1;2:1,5:5;7:4;1:1,0.235769,0.157405,7,0.389561,5,0.235769
5->1,7,5:6;1:1,1:5;5:1;7:1,5:3;11:3;1:1,0.641787,0.694226,1,0.641787,11,0.109153
11->1,5,5:2;1:1;7:1;11:1,1:4;7:1,11:4;1:1,0.657378,0.622811,1,0.657378,7,0.144682
11->4,5,5:4;11:1,1:3;11:2,11:5,0.023199,0.025984,1,0.453763,11,0.393965
4->1,4,1:3;7:1,1:3;7:1,1:3;11:1,0.755528,0.962336,1,0.755528,7,0.167973
