true_transition,n_true_pixels,observed_end_top,forecast_end_top,observed_mean_true_end_prob,observed_median_true_end_prob,forecast_mean_true_end_prob,forecast_median_true_end_prob,mean_true_end_prob_delta,observed_top_mean_prob_class,observed_top_mean_prob,forecast_top_mean_prob_class,forecast_top_mean_prob
5->11,15,11:5;1:4;5:3;7:3,5:12;11:2;1:1,0.265962,0.354235,0.181684,0.11497,-0.084278,1,0.287648,5,0.681424
5->4,14,1:10;5:2;11:2,5:14,0.030019,0.032524,0.014606,0.013474,-0.015413,1,0.57187,5,0.750394
5->7,11,7:9;2:1;5:1,5:5;7:5;2:1,0.716725,0.853325,0.384204,0.32894,-0.332521,7,0.716725,5,0.385884
7->5,10,5:4;7:4;1:1;2:1,5:5;7:4;1:1,0.235769,0.157405,0.376501,0.344907,0.140732,7,0.389561,7,0.37901
5->1,7,1:5;5:1;7:1,5:3;11:3;1:1,0.641787,0.694226,0.10171,0.007977,-0.540077,1,0.641787,5,0.482459
11->1,5,1:4;7:1,11:4;1:1,0.657378,0.622811,0.224902,0.020586,-0.432476,1,0.657378,11,0.386137
11->4,5,1:3;11:2,11:5,0.023199,0.025984,0.013144,0.014892,-0.010055,1,0.453763,11,0.588465
4->1,4,1:3;7:1,1:3;11:1,0.755528,0.962336,0.522833,0.535781,-0.232695,1,0.755528,1,0.522833
