true_transition,n_true_pixels,decoded_start_top,decoded_end_top,model_end_top,mean_true_end_prob,median_true_end_prob,top_mean_prob_class,top_mean_prob,second_mean_prob_class,second_mean_prob
1->4,32,1:20;5:8;11:4,1:26;5:5;11:1,1:21;5:11,0.001798,0.001341,1,0.681861,5,0.172838
1->5,9,5:8;1:1,5:7;1:2,5:8;1:1,0.570694,0.694126,5,0.570694,1,0.286155
4->1,6,1:6,1:6,1:6,0.938603,0.966049,1,0.938603,11,0.037783
11->4,5,5:2;1:1;7:1;11:1,5:3;1:1;7:1,5:3;1:1;7:1,0.003478,0.004763,5,0.399265,11,0.2385
4->11,4,5:3;1:1,5:2;1:1;11:1,5:3;1:1,0.274384,0.27508,5,0.4485,11,0.274384
1->11,3,1:1;5:1;11:1,1:1;5:1;11:1,5:2;1:1,0.17406,0.039401,1,0.413312,5,0.405366
5->1,2,1:2,1:2,1:2,0.960076,0.960076,1,0.960076,5,0.030694
5->4,2,5:2,5:2,5:2,0.004116,0.004116,5,0.534454,11,0.238852
