true_transition,n_true_pixels,observed_end_top,forecast_end_top,observed_mean_true_end_prob,observed_median_true_end_prob,forecast_mean_true_end_prob,forecast_median_true_end_prob,mean_true_end_prob_delta,observed_top_mean_prob_class,observed_top_mean_prob,forecast_top_mean_prob_class,forecast_top_mean_prob
1->4,32,1:26;5:5;11:1,1:21;5:11,0.001798,0.001341,0.001617,0.001552,-0.000181,1,0.681861,1,0.574135
1->5,9,5:7;1:2,5:8;1:1,0.570694,0.694126,0.739469,0.761039,0.168775,5,0.570694,5,0.739469
4->1,6,1:6,1:6,0.938603,0.966049,0.776857,0.788917,-0.161746,1,0.938603,1,0.776857
11->4,5,5:3;1:1;7:1,5:3;1:1;7:1,0.003478,0.004763,0.002347,0.002149,-0.001131,5,0.399265,5,0.485961
4->11,4,5:2;1:1;11:1,5:3;1:1,0.274384,0.27508,0.120316,0.109831,-0.154068,5,0.4485,5,0.608232
1->11,3,1:1;5:1;11:1,5:2;1:1,0.17406,0.039401,0.113107,0.01984,-0.060953,1,0.413312,5,0.488423
5->1,2,1:2,1:2,0.960076,0.960076,0.889798,0.889798,-0.070278,1,0.960076,1,0.889798
5->4,2,5:2,5:2,0.004116,0.004116,0.002652,0.002652,-0.001464,5,0.534454,5,0.81534
