true_transition,n_true_pixels,decoded_start_top,decoded_end_top,model_end_top,mean_true_end_prob,median_true_end_prob,top_mean_prob_class,top_mean_prob,second_mean_prob_class,second_mean_prob
5->7,7,5:3;7:3;1:1,5:3;7:2;1:1;2:1,5:5;1:1;7:1,0.281939,0.16788,5,0.373586,7,0.281939
7->5,7,7:6;5:1,7:4;5:2;2:1,5:4;7:3,0.271437,0.256261,7,0.477572,5,0.271437
2->7,5,2:3;5:1;7:1,2:3;5:1;7:1,2:3;5:1;7:1,0.263281,0.021284,2,0.53436,7,0.263281
5->2,5,2:5,2:5,2:5,0.872438,0.896887,2,0.872438,5,0.088696
1->7,4,7:4,7:3;1:1,7:4,0.72867,0.919726,7,0.72867,1,0.240218
7->1,3,7:2;1:1,1:2;7:1,7:2;1:1,0.49174,0.399932,1,0.49174,7,0.398737
7->11,3,7:3,7:3,7:3,0.001716,0.002011,7,0.96679,5,0.027098
1->5,2,1:1;5:1,1:2,1:1;5:1,0.076649,0.076649,1,0.816702,5,0.076649
