true_transition,n_true_pixels,observed_end_top,forecast_end_top,observed_mean_true_end_prob,observed_median_true_end_prob,forecast_mean_true_end_prob,forecast_median_true_end_prob,mean_true_end_prob_delta,observed_top_mean_prob_class,observed_top_mean_prob,forecast_top_mean_prob_class,forecast_top_mean_prob
5->7,7,5:3;7:2;1:1;2:1,5:5;1:1;7:1,0.281939,0.16788,0.151695,0.027624,-0.130244,5,0.373586,5,0.60278
7->5,7,7:4;5:2;2:1,5:4;7:3,0.271437,0.256261,0.354473,0.525714,0.083036,7,0.477572,7,0.505508
2->7,5,2:3;5:1;7:1,2:3;5:1;7:1,0.263281,0.021284,0.259135,0.071872,-0.004146,2,0.53436,2,0.457633
5->2,5,2:5,2:5,0.872438,0.896887,0.710524,0.622414,-0.161914,2,0.872438,2,0.710524
1->7,4,7:3;1:1,7:4,0.72867,0.919726,0.78217,0.808956,0.0535,7,0.72867,7,0.78217
7->1,3,1:2;7:1,7:2;1:1,0.49174,0.399932,0.407951,0.2248,-0.083789,1,0.49174,7,0.485869
7->11,3,7:3,7:3,0.001716,0.002011,0.000776,0.000321,-0.00094,7,0.96679,7,0.955623
1->5,2,1:2,1:1;5:1,0.076649,0.076649,0.385854,0.385854,0.309205,1,0.816702,1,0.563264
