true_transition,n_true_pixels,decoded_start_top,decoded_end_top,model_end_top,mean_true_end_prob,median_true_end_prob,top_mean_prob_class,top_mean_prob,second_mean_prob_class,second_mean_prob
7->5,5,7:4;5:1,5:3;7:2,7:3;5:2,0.459053,0.549423,7,0.534331,5,0.459053
5->11,3,5:2;7:1,5:2;7:1,5:2;7:1,0.002682,0.002689,5,0.689158,7,0.304459
5->7,2,5:1;7:1,7:2,5:1;7:1,0.920831,0.920831,7,0.920831,5,0.078335
11->5,2,5:2,5:2,5:2,0.955888,0.955888,5,0.955888,7,0.019127
7->11,1,7:1,7:1,7:1,2e-05,2e-05,7,0.999894,5,5.6e-05
11->1,1,7:1,5:1,7:1,6.5e-05,6.5e-05,5,0.662164,7,0.333921
