true_transition,n_true_pixels,decoded_start_top,decoded_end_top,model_end_top,mean_true_end_prob,median_true_end_prob,top_mean_prob_class,top_mean_prob,second_mean_prob_class,second_mean_prob
1->7,6,7:5;1:1,7:5;1:1,7:5;1:1,0.80578,0.986247,7,0.80578,1,0.174309
5->7,4,5:2;7:2,5:2;7:2,5:2;7:2,0.579265,0.623823,7,0.579265,5,0.35408
7->2,3,7:3,7:3,7:3,0.005927,0.001484,7,0.992433,2,0.005927
5->1,2,1:1;5:1,1:1;5:1,1:1;5:1,0.467204,0.467204,1,0.467204,5,0.454323
1->5,1,7:1,7:1,7:1,0.026924,0.026924,7,0.959924,5,0.026924
2->7,1,7:1,7:1,7:1,0.983242,0.983242,7,0.983242,2,0.015322
7->5,1,7:1,7:1,7:1,0.013058,0.013058,7,0.982223,5,0.013058
