true_transition,n_true_pixels,observed_end_top,forecast_end_top,observed_mean_true_end_prob,observed_median_true_end_prob,forecast_mean_true_end_prob,forecast_median_true_end_prob,mean_true_end_prob_delta,observed_top_mean_prob_class,observed_top_mean_prob,forecast_top_mean_prob_class,forecast_top_mean_prob
1->7,6,7:5;1:1,7:5;1:1,0.80578,0.986247,0.768159,0.965218,-0.037621,7,0.80578,7,0.768159
5->7,4,5:2;7:2,5:2;7:2,0.579265,0.623823,0.430214,0.353976,-0.149051,7,0.579265,5,0.529255
7->2,3,7:3,7:3,0.005927,0.001484,0.01469,0.002845,0.008763,7,0.992433,7,0.979072
5->1,2,1:1;5:1,1:1;5:1,0.467204,0.467204,0.42667,0.42667,-0.040534,1,0.467204,5,0.525396
1->5,1,7:1,7:1,0.026924,0.026924,0.166195,0.166195,0.139271,7,0.959924,7,0.811901
2->7,1,7:1,7:1,0.983242,0.983242,0.946217,0.946217,-0.037025,7,0.983242,7,0.946217
7->5,1,7:1,7:1,0.013058,0.013058,0.18157,0.18157,0.168512,7,0.982223,7,0.808226
