true_transition,n_true_pixels,observed_end_top,forecast_end_top,observed_mean_true_end_prob,observed_median_true_end_prob,forecast_mean_true_end_prob,forecast_median_true_end_prob,mean_true_end_prob_delta,observed_top_mean_prob_class,observed_top_mean_prob,forecast_top_mean_prob_class,forecast_top_mean_prob
5->7,15,7:9;5:6,5:15,0.554471,0.710073,0.105379,0.046564,-0.449092,7,0.554471,5,0.877094
7->5,10,5:6;7:3;1:1,5:8;1:1;7:1,0.597489,0.599629,0.693267,0.770846,0.095778,5,0.597489,5,0.693267
1->7,3,7:2;5:1,5:2;7:1,0.621292,0.742497,0.432907,0.253528,-0.188385,7,0.621292,5,0.436763
5->11,3,7:2;5:1,5:2;7:1,0.001226,0.000613,0.00069,0.000658,-0.000536,7,0.656766,5,0.672019
5->1,2,1:1;5:1,1:1;5:1,0.302467,0.302467,0.313769,0.313769,0.011302,5,0.620653,5,0.573305
7->11,2,7:2,5:2,0.005017,0.005017,0.004371,0.004371,-0.000646,7,0.80574,5,0.736456
1->5,1,5:1,5:1,0.529295,0.529295,0.539919,0.539919,0.010624,5,0.529295,5,0.539919
2->1,1,7:1,7:1,8e-06,8e-06,3.5e-05,3.5e-05,2.7e-05,7,0.999942,7,0.999835
