true_transition,n_true_pixels,decoded_start_top,decoded_end_top,model_end_top,mean_true_end_prob,median_true_end_prob,top_mean_prob_class,top_mean_prob,second_mean_prob_class,second_mean_prob
5->7,15,5:10;7:5,7:9;5:6,5:15,0.554471,0.710073,7,0.554471,5,0.432438
7->5,10,7:5;5:4;1:1,5:6;7:3;1:1,5:8;1:1;7:1,0.597489,0.599629,5,0.597489,7,0.298371
1->7,3,7:2;5:1,7:2;5:1,5:2;7:1,0.621292,0.742497,7,0.621292,5,0.258331
5->11,3,7:2;5:1,7:2;5:1,5:2;7:1,0.001226,0.000613,7,0.656766,5,0.338329
5->1,2,5:2,1:1;5:1,1:1;5:1,0.302467,0.302467,5,0.620653,1,0.302467
7->11,2,5:1;7:1,7:2,5:2,0.005017,0.005017,7,0.80574,5,0.185075
1->5,1,5:1,5:1,5:1,0.529295,0.529295,5,0.529295,1,0.437324
2->1,1,7:1,7:1,7:1,8e-06,8e-06,7,0.999942,5,4.4e-05
