true_transition,n_true_pixels,decoded_start_top,decoded_end_top,model_end_top,mean_true_end_prob,median_true_end_prob,top_mean_prob_class,top_mean_prob,second_mean_prob_class,second_mean_prob
5->7,15,7:9;5:6,7:12;5:3,7:8;5:7,0.78887,0.88439,7,0.78887,5,0.200261
1->7,4,7:4,7:4,7:4,0.899327,0.901723,7,0.899327,1,0.051809
11->7,3,7:2;1:1,7:2;1:1,1:1;5:1;7:1,0.760097,0.946455,7,0.760097,1,0.207277
1->5,2,5:2,5:2,5:2,0.904441,0.904441,5,0.904441,7,0.062599
7->1,2,1:1;7:1,1:1;7:1,1:1;7:1,0.54735,0.54735,1,0.54735,7,0.446981
7->5,1,5:1,5:1,5:1,0.678376,0.678376,5,0.678376,7,0.205512
