true_transition,n_true_pixels,observed_end_top,forecast_end_top,observed_mean_true_end_prob,observed_median_true_end_prob,forecast_mean_true_end_prob,forecast_median_true_end_prob,mean_true_end_prob_delta,observed_top_mean_prob_class,observed_top_mean_prob,forecast_top_mean_prob_class,forecast_top_mean_prob
7->5,5,7:3;5:2,7:3;5:2,0.302418,0.327005,0.308137,0.412352,0.005719,7,0.568762,7,0.606313
7->1,4,5:2;1:1;7:1,5:2;1:1;7:1,0.335694,0.16308,0.332685,0.15706,-0.003009,1,0.335694,5,0.342621
7->2,4,2:2;5:2,2:3;5:1,0.506691,0.469892,0.469894,0.465554,-0.036797,2,0.506691,2,0.469894
2->11,2,5:1;7:1,5:1;7:1,0.0087,0.0087,0.01812,0.01812,0.00942,5,0.48803,7,0.508119
5->7,2,5:2,5:2,0.28412,0.28412,0.175588,0.175588,-0.108532,5,0.665858,5,0.776598
7->8,2,7:2,7:2,,,,,,,,,
5->2,1,5:1,5:1,0.031584,0.031584,0.026907,0.026907,-0.004677,5,0.909277,5,0.942546
7->11,1,7:1,5:1,0.03713,0.03713,0.016919,0.016919,-0.020211,7,0.62141,5,0.680643
