true_transition,n_true_pixels,decoded_start_top,decoded_end_top,model_end_top,mean_true_end_prob,median_true_end_prob,top_mean_prob_class,top_mean_prob,second_mean_prob_class,second_mean_prob
7->5,5,7:5,7:3;5:2,7:3;5:2,0.302418,0.327005,7,0.568762,5,0.302418
7->1,4,7:2;1:1;5:1,5:2;1:1;7:1,5:2;1:1;7:1,0.335694,0.16308,1,0.335694,5,0.316395
7->2,4,2:2;5:1;7:1,2:2;5:2,2:3;5:1,0.506691,0.469892,2,0.506691,5,0.317565
2->11,2,5:1;7:1,5:1;7:1,5:1;7:1,0.0087,0.0087,5,0.48803,7,0.482684
5->7,2,5:1;7:1,5:2,5:2,0.28412,0.28412,5,0.665858,7,0.28412
7->8,2,7:2,7:2,7:2,,,7,0.84072,5,0.148928
5->2,1,5:1,5:1,5:1,0.031584,0.031584,5,0.909277,2,0.031584
7->11,1,5:1,7:1,5:1,0.03713,0.03713,7,0.62141,5,0.30289
