true_transition,n_true_pixels,decoded_start_top,decoded_end_top,model_end_top,mean_true_end_prob,median_true_end_prob,top_mean_prob_class,top_mean_prob,second_mean_prob_class,second_mean_prob
5->7,19,5:16;7:3,5:11;7:8,5:17;7:2,0.440294,0.271277,5,0.52812,7,0.440294
7->5,7,5:6;7:1,5:5;7:2,5:6;7:1,0.746653,0.945992,5,0.746653,7,0.240398
7->11,3,1:1;5:1;7:1,1:1;5:1;7:1,1:1;5:1;7:1,0.006559,0.005809,5,0.444312,7,0.270466
1->7,2,1:1;5:1,1:1;5:1,1:1;5:1,0.088825,0.088825,1,0.491745,5,0.388725
11->7,2,7:2,7:2,5:1;7:1,0.910807,0.910807,7,0.910807,5,0.08428
1->5,1,7:1,5:1,5:1,0.4031,0.4031,5,0.4031,7,0.357735
1->11,1,5:1,2:1,5:1,0.04911,0.04911,2,0.455017,5,0.394398
2->7,1,5:1,7:1,5:1,0.548345,0.548345,7,0.548345,5,0.248833
