true_transition,n_true_pixels,observed_end_top,forecast_end_top,observed_mean_true_end_prob,observed_median_true_end_prob,forecast_mean_true_end_prob,forecast_median_true_end_prob,mean_true_end_prob_delta,observed_top_mean_prob_class,observed_top_mean_prob,forecast_top_mean_prob_class,forecast_top_mean_prob
5->7,19,5:11;7:8,5:17;7:2,0.440294,0.271277,0.103264,0.003578,-0.33703,5,0.52812,5,0.890017
7->5,7,5:5;7:2,5:6;7:1,0.746653,0.945992,0.849894,0.991958,0.103241,5,0.746653,5,0.849894
7->11,3,1:1;5:1;7:1,1:1;5:1;7:1,0.006559,0.005809,0.002749,0.00228,-0.00381,5,0.444312,5,0.487386
1->7,2,1:1;5:1,1:1;5:1,0.088825,0.088825,0.004754,0.004754,-0.084071,1,0.491745,5,0.50164
11->7,2,7:2,5:1;7:1,0.910807,0.910807,0.611507,0.611507,-0.2993,7,0.910807,7,0.611507
1->5,1,5:1,5:1,0.4031,0.4031,0.655238,0.655238,0.252138,5,0.4031,5,0.655238
1->11,1,2:1,5:1,0.04911,0.04911,0.002552,0.002552,-0.046558,2,0.455017,5,0.885881
2->7,1,7:1,5:1,0.548345,0.548345,0.114265,0.114265,-0.43408,7,0.548345,5,0.648137
