{
  "steps": {
    "1": {
      "n": 30,
      "mean": -0.003897539774576823,
      "wilcoxon_p": 0.4898460879921913,
      "t_p": 0.20190803949360964,
      "permutation_p": 0.25135,
      "bootstrap_ci_lo": -0.010370218555132548,
      "bootstrap_ci_hi": 0.0009911184509595208,
      "cohen_dz": -0.2383926613374183
    },
    "2": {
      "n": 30,
      "mean": -0.016721278429031372,
      "wilcoxon_p": 0.00031275488436222076,
      "t_p": 0.003082009321692705,
      "permutation_p": 0.00025,
      "bootstrap_ci_lo": -0.027548099358876546,
      "bootstrap_ci_hi": -0.007800845950841911,
      "cohen_dz": -0.5895120618488533
    },
    "3": {
      "n": 30,
      "mean": -0.03257552186648051,
      "wilcoxon_p": 4.7124922275543213e-07,
      "t_p": 2.711259880272885e-05,
      "permutation_p": 0.0,
      "bootstrap_ci_lo": -0.045914064298073445,
      "bootstrap_ci_hi": -0.02084817116459211,
      "cohen_dz": -0.9084980433833337
    },
    "4": {
      "n": 30,
      "mean": -0.04356624484062195,
      "wilcoxon_p": 3.5390257835388184e-08,
      "t_p": 6.595668045562468e-06,
      "permutation_p": 0.0,
      "bootstrap_ci_lo": -0.059823822726806,
      "bootstrap_ci_hi": -0.02949560582637788,
      "cohen_dz": -1.0014174989331681
    },
    "5": {
      "n": 30,
      "mean": -0.052692725261052446,
      "wilcoxon_p": 1.862645149230957e-09,
      "t_p": 4.003156785448632e-06,
      "permutation_p": 0.0,
      "bootstrap_ci_lo": -0.07187745973467827,
      "bootstrap_ci_hi": -0.0360753093659878,
      "cohen_dz": -1.0343537779666996
    },
    "6": {
      "n": 30,
      "mean": -0.06294530232747396,
      "wilcoxon_p": 5.587935447692871e-09,
      "t_p": 1.2162731084415796e-06,
      "permutation_p": 0.0,
      "bootstrap_ci_lo": -0.08410312061508496,
      "bootstrap_ci_hi": -0.044469736913839986,
      "cohen_dz": -1.11341604727791
    }
  }
}