{
  "steps": {
    "1": {
      "n": 30,
      "mean": -0.012480145692825318,
      "wilcoxon_p": 1.991167664527893e-06,
      "t_p": 0.00047420244185201847,
      "permutation_p": 0.0,
      "bootstrap_ci_lo": -0.0191176405052344,
      "bootstrap_ci_hi": -0.007020997405052204,
      "cohen_dz": -0.7188483150734708
    },
    "2": {
      "n": 30,
      "mean": -0.03599067727724711,
      "wilcoxon_p": 1.862645149230957e-09,
      "t_p": 1.6661419613716988e-08,
      "permutation_p": 0.0,
      "bootstrap_ci_lo": -0.04535725553830464,
      "bootstrap_ci_hi": -0.027429339935382237,
      "cohen_dz": -1.4081445142797886
    },
    "3": {
      "n": 30,
      "mean": -0.06860366264979044,
      "wilcoxon_p": 1.862645149230957e-09,
      "t_p": 4.944288577186414e-09,
      "permutation_p": 0.0,
      "bootstrap_ci_lo": -0.08534847984711329,
      "bootstrap_ci_hi": -0.05302370930711429,
      "cohen_dz": -1.4956003587324795
    },
    "4": {
      "n": 30,
      "mean": -0.1031987190246582,
      "wilcoxon_p": 1.862645149230957e-09,
      "t_p": 2.636924740504e-09,
      "permutation_p": 0.0,
      "bootstrap_ci_lo": -0.12814374898870784,
      "bootstrap_ci_hi": -0.08068796540300052,
      "cohen_dz": -1.5417086441938046
    },
    "5": {
      "n": 30,
      "mean": -0.14684988657633463,
      "wilcoxon_p": 1.862645149230957e-09,
      "t_p": 4.3130612792653514e-09,
      "permutation_p": 0.0,
      "bootstrap_ci_lo": -0.18276081805427868,
      "bootstrap_ci_hi": -0.11394019211332006,
      "cohen_dz": -1.5055671671271373
    },
    "6": {
      "n": 30,
      "mean": -0.18534499208132427,
      "wilcoxon_p": 1.862645149230957e-09,
      "t_p": 4.1294262644716167e-10,
      "permutation_p": 0.0,
      "bootstrap_ci_lo": -0.226220060835282,
      "bootstrap_ci_hi": -0.1480537266035875,
      "cohen_dz": -1.6814493586115293
    }
  }
}