{
  "e3": {
    "status": "complete",
    "n_areas": 30,
    "n_steps": 6,
    "per_step": {
      "1": {
        "persistence_mean": 0.9680518706639608,
        "persistence_std": 0.017607911052386457,
        "model_mean": 0.964154330889384,
        "model_std": 0.02224266115599192,
        "advantage_mean": -0.0038975397745768196,
        "advantage_std": 0.016349243943630815,
        "n_areas": 30,
        "n_pos": 13,
        "n_neg": 17
      },
      "2": {
        "persistence_mean": 0.9676227927207947,
        "persistence_std": 0.020189986907912554,
        "model_mean": 0.9509015142917633,
        "model_std": 0.027602030128531924,
        "advantage_mean": -0.01672127842903135,
        "advantage_std": 0.028364607802237946,
        "n_areas": 30,
        "n_pos": 8,
        "n_neg": 22
      },
      "3": {
        "persistence_mean": 0.9647318482398987,
        "persistence_std": 0.023029809765310324,
        "model_mean": 0.9321563263734182,
        "model_std": 0.03960307604755607,
        "advantage_mean": -0.03257552186648047,
        "advantage_std": 0.03585645792385655,
        "n_areas": 30,
        "n_pos": 2,
        "n_neg": 28
      },
      "4": {
        "persistence_mean": 0.9625167469183604,
        "persistence_std": 0.02278325106456773,
        "model_mean": 0.9189505020777384,
        "model_std": 0.04232563665930904,
        "advantage_mean": -0.043566244840621916,
        "advantage_std": 0.04350457714892542,
        "n_areas": 30,
        "n_pos": 2,
        "n_neg": 28
      },
      "5": {
        "persistence_mean": 0.9616368571917217,
        "persistence_std": 0.022248574913689936,
        "model_mean": 0.9089441319306691,
        "model_std": 0.04833798157536392,
        "advantage_mean": -0.05269272526105242,
        "advantage_std": 0.05094265268178762,
        "n_areas": 30,
        "n_pos": 0,
        "n_neg": 30
      },
      "6": {
        "persistence_mean": 0.965708331267039,
        "persistence_std": 0.021173164980515215,
        "model_mean": 0.9027630289395651,
        "model_std": 0.0535042115845077,
        "advantage_mean": -0.06294530232747392,
        "advantage_std": 0.0565334966038645,
        "n_areas": 30,
        "n_pos": 1,
        "n_neg": 29
      }
    },
    "bug_fixed": true,
    "max_persist_step1": 0.989402711391449
  },
  "e4": {
    "status": "complete",
    "per_year": {
      "2017": {
        "n_samples": 800,
        "cv_accuracy": 0.6675000000000001,
        "macro_f1": 0.4935390962416045
      },
      "2018": {
        "n_samples": 800,
        "cv_accuracy": 0.74875,
        "macro_f1": 0.5138946501914055
      },
      "2019": {
        "n_samples": 800,
        "cv_accuracy": 0.7224999999999999,
        "macro_f1": 0.4880886589697685
      },
      "2020": {
        "n_samples": 24967,
        "cv_accuracy": 0.8348623114410636,
        "macro_f1": 0.7351714097345694
      },
      "2021": {
        "n_samples": 24969,
        "cv_accuracy": 0.8287478320670164,
        "macro_f1": 0.7055939979543051
      },
      "2022": {
        "n_samples": 800,
        "cv_accuracy": 0.7300000000000001,
        "macro_f1": 0.3856303495182031
      },
      "2023": {
        "n_samples": 800,
        "cv_accuracy": 0.7424999999999999,
        "macro_f1": 0.3999132865129409
      },
      "2024": {
        "n_samples": 800,
        "cv_accuracy": 0.7474999999999999,
        "macro_f1": 0.4617103266790273
      }
    },
    "delta_summary": {
      "n_total": 9,
      "n_improved": 8,
      "n_degraded": 1,
      "mean_delta": 0.07783353688512584,
      "median_delta": 0.0703624733475479,
      "min_delta": -0.0260127931769722,
      "max_delta": 0.1646055437100213,
      "std_delta": 0.062317372083726036
    }
  },
  "e6": {
    "status": "complete",
    "paired_tests": {
      "n": 30,
      "mean": -0.014933959643046061,
      "sd": 0.018417068116295534,
      "wilcoxon_p": 2.551823854446411e-07,
      "t_p": 0.00011938666833276737,
      "permutation_p": 0.0,
      "bootstrap_ci_lo": -0.021834126661221184,
      "bootstrap_ci_hi": -0.008796736995379131,
      "cohen_dz": -0.8108760606598616,
      "eval_sources": {
        "n_areas": 30,
        "roots": {
          "/Users/zhouning/paper58-geofm-world-model-rl/experiments/paper8/data": 30
        }
      }
    },
    "per_area": {
      "n_total": 30,
      "n_pos": 3,
      "n_neg": 27,
      "min_adv": -0.0638539791107177,
      "max_adv": 0.0056908726692199,
      "areas_pos": [
        {
          "area": "qinghai_edge",
          "advantage": 0.0056908726692199
        },
        {
          "area": "jianghan_plain",
          "advantage": 0.0043419003486633
        },
        {
          "area": "dongting_wetland",
          "advantage": 0.0026749968528747
        }
      ],
      "areas_neg_worst": [
        {
          "area": "gobi_margin",
          "advantage": -0.0638539791107177
        },
        {
          "area": "tarim_oasis",
          "advantage": -0.0581693649291992
        },
        {
          "area": "wuyi_mountain",
          "advantage": -0.0537437796592712
        },
        {
          "area": "qinling_south_slope",
          "advantage": -0.0448473095893859
        },
        {
          "area": "changbai_lower_belt",
          "advantage": -0.0347073674201965
        },
        {
          "area": "guizhou_karst",
          "advantage": -0.0305037498474121
        },
        {
          "area": "ordos_desert_edge",
          "advantage": -0.0237838625907897
        },
        {
          "area": "daxinganling",
          "advantage": -0.01609468460083
        },
        {
          "area": "guanzhong",
          "advantage": -0.0159178376197814
        },
        {
          "area": "minnan_coast",
          "advantage": -0.0114428997039794
        }
      ]
    },
    "filter_check": {
      "n_paper8": 30,
      "n_independent_change": 0,
      "filter_correct": true
    },
    "retrained_baseline": {
      "status": "complete",
      "paired_tests": {
        "n": 30,
        "n_pos": 16,
        "n_neg": 14,
        "best_ckpt": "latent_dynamics_v2_seed456.pt",
        "mean": -0.003003974755605062,
        "sd": 0.022735618686393254,
        "wilcoxon_p": 0.5698575973510742,
        "t_p": 0.47505612415884635,
        "permutation_p": 0.52955,
        "bootstrap_ci_lo": -0.01206544389327367,
        "bootstrap_ci_hi": 0.0037173095842202475,
        "cohen_dz": -0.13212636951036094
      },
      "per_area": {
        "n_total": 30,
        "n_pos": 16,
        "n_neg": 14,
        "min_adv": -0.0981847643852233,
        "max_adv": 0.0266291499137878,
        "areas_pos": [
          {
            "area": "qinghai_edge",
            "advantage": 0.0266291499137878
          },
          {
            "area": "ordos_desert_edge",
            "advantage": 0.0211943387985229
          },
          {
            "area": "north_china_plain",
            "advantage": 0.0159335732460021
          },
          {
            "area": "northeast_plain",
            "advantage": 0.0104600191116333
          },
          {
            "area": "tarim_oasis",
            "advantage": 0.0073744058609008
          },
          {
            "area": "yunnan_eco",
            "advantage": 0.0058079361915588
          },
          {
            "area": "wuhan_outer_ring",
            "advantage": 0.0049109458923339
          },
          {
            "area": "hetao",
            "advantage": 0.0047774314880371
          },
          {
            "area": "jianghan_plain",
            "advantage": 0.0019025802612304
          },
          {
            "area": "chengdu_plain",
            "advantage": 0.0018398761749267
          }
        ],
        "areas_neg_worst": [
          {
            "area": "bohai_delta",
            "advantage": -0.0981847643852233
          },
          {
            "area": "hainan_coastal",