{
  "n": 16,
  "mean": -2.7077893416086834e-05,
  "sd": 8.600628353767373e-06,
  "cohen_dz": -3.148362224514187,
  "t_stat": -12.593448898056748,
  "t_p": 2.228712769737617e-09,
  "wilcoxon_p": 0.00042816351045896705,
  "permutation_p": 4e-05,
  "sign_p": 3.0517578125e-05,
  "n_pos": 0,
  "bootstrap_ci_lo": -3.1404228260119756e-05,
  "bootstrap_ci_hi": -2.4882455666859947e-05
}