{
  "seed": 12,
  "label": "ppo",
  "training_time_s": 1941.760437488556,
  "timesteps": 50000,
  "mean_reward": -1494.980462576579,
  "std_reward": 0.0,
  "mean_cropland_change": -1126.0,
  "std_cropland_change": 0.0
}