{
  "seed": 2,
  "label": "ppo",
  "training_time_s": 1912.6928598880768,
  "timesteps": 50000,
  "mean_reward": -1494.680731590682,
  "std_reward": 0.0,
  "mean_cropland_change": -1126.0,
  "std_cropland_change": 0.0
}