{
  "seed": 13,
  "label": "ppo",
  "training_time_s": 1893.1023433208466,
  "timesteps": 50000,
  "mean_reward": -1494.680719894609,
  "std_reward": 0.0,
  "mean_cropland_change": -1126.0,
  "std_cropland_change": 0.0
}