{
  "seed": 6,
  "label": "ppo",
  "training_time_s": 1939.1343948841095,
  "timesteps": 50000,
  "mean_reward": -1494.9807221031867,
  "std_reward": 0.0,
  "mean_cropland_change": -1126.0,
  "std_cropland_change": 0.0
}