{
  "seed": 10,
  "label": "ppo",
  "training_time_s": 1966.986032485962,
  "timesteps": 50000,
  "mean_reward": -1486.6828397830154,
  "std_reward": 0.0,
  "mean_cropland_change": -1118.0,
  "std_cropland_change": 0.0
}