{
  "seed": 3,
  "label": "ppo",
  "training_time_s": 1939.8911263942719,
  "timesteps": 50000,
  "mean_reward": -1495.780736614628,
  "std_reward": 0.0,
  "mean_cropland_change": -1128.0,
  "std_cropland_change": 0.0
}