{
  "seed": 7,
  "label": "ppo",
  "training_time_s": 1918.185929775238,
  "timesteps": 50000,
  "mean_reward": -1439.9802275648499,
  "std_reward": 0.0,
  "mean_cropland_change": -1071.0,
  "std_cropland_change": 0.0
}