{
  "seed": 4,
  "label": "ppo",
  "training_time_s": 1914.2564713954926,
  "timesteps": 50000,
  "mean_reward": -1459.2807247980907,
  "std_reward": 0.0,
  "mean_cropland_change": -1126.0,
  "std_cropland_change": 0.0
}