{
  "seed": 6,
  "label": "random",
  "mean_reward": -1501.0009576504333,
  "std_reward": 13.112539912029458,
  "mean_cropland_change": -1128.6,
  "std_cropland_change": 10.744300814850634
}