method,n,mean_change_f1,mean_fom,mean_transition_accuracy,mean_allocation_disagreement
geosos_flus_console,24,0.26538325074846125,0.12023085125957174,0.27838348129974905,0.05850060601337925
paper58_latent_dynamics,24,0.2767296872145589,0.1140744604263405,0.3710648791708446,0.08729377045373847
paper58_spatial_demand_ratio_external_loo_transition_floor030,24,0.28828074860696956,0.12477431058578216,0.2862439571520737,0.05836969099787661
