{
  "seed": 4,
  "training_time_s": 1989.0612604618073,
  "timesteps": 100000,
  "mean_reward": -62.81495183995969,
  "mean_slope": -0.03233424996674648,
  "mean_cont": 0.005034708978564062
}