{
  "seed": 5,
  "training_time_s": 2018.96040225029,
  "timesteps": 100000,
  "mean_reward": -64.4546338113799,
  "mean_slope": -0.029956588580983025,
  "mean_cont": 0.004271874284842436
}