{
  "seed": 1,
  "training_time_s": 1992.039535522461,
  "timesteps": 100000,
  "mean_reward": -61.23303312021058,
  "mean_slope": -0.014464043956659326,
  "mean_cont": 0.0025936379586544156
}