{
  "seed": 3,
  "training_time_s": 2001.832427740097,
  "timesteps": 100000,
  "mean_reward": -63.93693663708403,
  "mean_slope": -0.03080267874297151,
  "mean_cont": 0.004068451699849707
}