{
  "seed": 12,
  "training_time_s": 1727.8952362537384,
  "timesteps": 100000,
  "mean_reward": -62.7621076925676,
  "mean_slope": -0.03233424996674648,
  "mean_cont": 0.005034708978564062
}