{
  "seed": 13,
  "training_time_s": 1740.4975218772888,
  "timesteps": 100000,
  "mean_reward": -77.81460398233457,
  "mean_slope": -0.025815817352433358,
  "mean_cont": 0.0033564726523760413
}