{
  "seed": 9,
  "training_time_s": 2027.4331541061401,
  "timesteps": 100000,
  "mean_reward": -32.59347508614275,
  "mean_slope": -0.03119898016577543,
  "mean_cont": 0.003458183944872406
}