{
  "seed": 6,
  "training_time_s": 2595.2515404224396,
  "timesteps": 100000,
  "mean_reward": -62.84010628202378,
  "mean_slope": -0.03233424996674648,
  "mean_cont": 0.005034708978564062
}