{
  "seed": 11,
  "training_time_s": 1744.7162940502167,
  "timesteps": 100000,
  "mean_reward": -68.20518798084862,
  "mean_slope": -0.025865871968895577,
  "mean_cont": 0.0036107508836167312
}