{
  "seed": 2,
  "training_time_s": 1985.1715943813324,
  "timesteps": 100000,
  "mean_reward": -61.26357731413549,
  "mean_slope": -0.031313852140513875,
  "mean_cont": 0.004627863808579047
}