{
  "seed": 8,
  "training_time_s": 2031.3116173744202,
  "timesteps": 100000,
  "mean_reward": -69.82634120320742,
  "mean_slope": -0.02630948271652487,
  "mean_cont": 0.0032547613598796765
}