{
  "seed": 0,
  "training_time_s": 1988.6604380607605,
  "timesteps": 100000,
  "mean_reward": -64.06504182840926,
  "mean_slope": -0.03115156027434513,
  "mean_cont": 0.004119307346098111
}