{
  "seed": 10,
  "training_time_s": 2035.0030934810638,
  "timesteps": 100000,
  "mean_reward": -51.13184875532119,
  "mean_slope": -0.02076123762622968,
  "mean_cont": 0.0033564726523760413
}