{
  "seed": 7,
  "training_time_s": 2095.0894944667816,
  "timesteps": 100000,
  "mean_reward": -65.76000887008371,
  "mean_slope": -0.029415173894245205,
  "mean_cont": 0.0041701629923460715
}