{
  "seed": 14,
  "training_time_s": 1751.3035275936127,
  "timesteps": 100000,
  "mean_reward": -47.37033354583624,
  "mean_slope": -0.02143677331036027,
  "mean_cont": 0.002542782312406011
}