{
  "seed": 5,
  "mean_slope": -0.03871677216865524,
  "mean_cont": 0.0001017112924959207,
  "mean_reward": -91.21331970839067
}