{
  "seed": 11,
  "mean_slope": -0.03787993740069013,
  "mean_cont": 0.00035598952373661064,
  "mean_reward": -91.29509445796653
}