{
  "seed": 9,
  "mean_slope": 0.0006713011670265116,
  "mean_cont": 0.0001017112924959207,
  "mean_reward": -98.12522708966098
}