{
  "seed": 14,
  "mean_slope": -0.0025360803617361085,
  "mean_cont": 5.085564624796035e-05,
  "mean_reward": -98.94333533219793
}