{
  "seed": 2,
  "mean_slope": -0.04787776744638165,
  "mean_cont": 0.00035598952373661064,
  "mean_reward": -88.80065816276347
}