{
  "seed": 8,
  "mean_slope": -0.030013063989053217,
  "mean_cont": -0.0006102677549777447,
  "mean_reward": -92.12837015551035
}