{
  "seed": 0,
  "mean_slope": -0.0430651743466727,
  "mean_cont": -0.00020342258499272958,
  "mean_reward": -85.86161890022784
}