{
  "seed": 3,
  "mean_slope": -0.03913465497735997,
  "mean_cont": 5.085564624796035e-05,
  "mean_reward": -90.3779374060947
}