{
  "seed": 13,
  "mean_slope": -0.0756702416969912,
  "mean_cont": -0.0010171129249627597,
  "mean_reward": -76.62133595088808
}