{
  "seed": 10,
  "mean_slope": -0.0009057078941365695,
  "mean_cont": 5.085564624796035e-05,
  "mean_reward": -98.14809183719689
}