{
  "seed": 12,
  "mean_slope": -0.04447300442298449,
  "mean_cont": 5.085564624796035e-05,
  "mean_reward": -86.05922521393914
}