{
  "seed": 7,
  "mean_slope": -0.03340308712175859,
  "mean_cont": -5.085564624840444e-05,
  "mean_reward": -89.16311227624529
}