{
  "seed": 6,
  "mean_slope": -0.04220427310296379,
  "mean_cont": -0.0004577008162334195,
  "mean_reward": -89.5466240561447
}