{
  "seed": 4,
  "mean_slope": -0.049112495369095684,
  "mean_cont": -0.0005085564624813799,
  "mean_reward": -85.81474599843538
}