{
  "table_a1_persistence_cossim": {
    "banzhucun": {
      "alphaearth": {
        "mean": null,
        "std": 0.0,
        "n": 0
      },
      "prithvi": {
        "mean": 1.0000000255448478,
        "std": 6.758531445429812e-08,
        "n": 7
      }
    },
    "bishan": {
      "alphaearth": {
        "mean": 0.9754758221762521,
        "std": 0.019033889479880373,
        "n": 7
      },
      "prithvi": {
        "mean": 1.0000000170298986,
        "std": 4.5056876302865416e-08,
        "n": 7
      }
    },
    "chengdu_plain": {
      "alphaearth": {
        "mean": 0.9868970939091274,
        "std": 0.008032086073147747,
        "n": 7
      },
      "prithvi": {
        "mean": 1.000000034059797,
        "std": 5.816817718437512e-08,
        "n": 7
      }
    },
    "daxinganling": {
      "alphaearth": {
        "mean": 0.9919032369341169,
        "std": 0.00354426402211304,
        "n": 7
      },
      "prithvi": {
        "mean": 1.0000000170298986,
        "std": 4.5056876302865416e-08,
        "n": 7
      }
    },
    "guanzhong": {
      "alphaearth": {
        "mean": 0.0,
        "std": 0.0,
        "n": 7
      },
      "prithvi": {
        "mean": 1.0000000510896956,
        "std": 6.372004554567919e-08,
        "n": 7
      }
    },
    "hetao": {
      "alphaearth": {
        "mean": 0.0,
        "std": 0.0,
        "n": 7
      },
      "prithvi": {
        "mean": 1.0000000510896956,
        "std": 6.372004554567919e-08,
        "n": 7
      }
    },
    "jianghan_plain": {
      "alphaearth": {
        "mean": 0.9672885366848537,
        "std": 0.011847444193286963,
        "n": 7
      },
      "prithvi": {
        "mean": 1.0000000255448478,
        "std": 6.758531445429812e-08,
        "n": 7
      }
    },
    "jing_jin_ji": {
      "alphaearth": {
        "mean": 0.9820617267063686,
        "std": 0.007649826334887591,
        "n": 7
      },
      "prithvi": {
        "mean": 1.0,
        "std": 0.0,
        "n": 7
      }
    },
    "minnan_coast": {
      "alphaearth": {
        "mean": 0.9663413507597787,
        "std": 0.016090243525542464,
        "n": 7
      },
      "prithvi": {
        "mean": 1.0000000085149492,
        "std": 5.362840955510362e-08,
        "n": 7
      }
    },
    "north_china_plain": {
      "alphaearth": {
        "mean": 0.0,
        "std": 0.0,
        "n": 7
      },
      "prithvi": {
        "mean": 1.000000034059797,
        "std": 5.816817718437512e-08,
        "n": 7
      }
    },
    "northeast_plain": {
      "alphaearth": {
        "mean": 0.0,
        "std": 0.0,
        "n": 7
      },
      "prithvi": {
        "mean": 0.9999999914850507,
        "std": 2.2528438151432708e-08,
        "n": 7
      }
    },
    "pearl_river": {
      "alphaearth": {
        "mean": 0.971733067716871,
        "std": 0.012354640143027156,
        "n": 7
      },
      "prithvi": {
        "mean": 1.0000000170298986,
        "std": 4.5056876302865416e-08,
        "n": 7
      }
    },
    "poyang_lake": {
      "alphaearth": {
        "mean": 0.9599552580288478,
        "std": 0.021850864527933046,
        "n": 7
      },
      "prithvi": {
        "mean": 1.0000000510896956,
        "std": 6.372004554567919e-08,
        "n": 7
      }
    },
    "qinghai_edge": {
      "alphaearth": {
        "mean": 0.965761159147535,
        "std": 0.023017042296138285,
        "n": 7
      },
      "prithvi": {
        "mean": 1.000000034059797,
        "std": 5.816817718437512e-08,
        "n": 7
      }
    },
    "wuyi_mountain": {
      "alphaearth": {
        "mean": 0.0,
        "std": 0.0,
        "n": 7
      },
      "prithvi": {
        "mean": 1.000000034059797,
        "std": 5.816817718437512e-08,
        "n": 7
      }
    },
    "yangtze_delta": {
      "alphaearth": {
        "mean": 0.9888315030506679,
        "std": 0.00355784227260844,
        "n": 7
      },
      "prithvi": {
        "mean": 1.0000000510896956,
        "std": 6.372004554567919e-08,
        "n": 7
      }
    },
    "yunnan_eco": {
      "alphaearth": {
        "mean": 0.0,
        "std": 0.0,
        "n": 7
      },
      "prithvi": {
        "mean": 0.9999999829701015,
        "std": 4.5056876302865416e-08,
        "n": 7
      }
    }
  },
  "table_a2_lulc_probe": {
    "alphaearth": {
      "accuracy": 0.9270538243626062,
      "n_train": 3292,
      "n_test": 1412,
      "n_features": 64
    },
    "prithvi": {
      "accuracy": 0.4,
      "n_train": 9,
      "n_test": 5,
      "n_features": 768
    }
  }
}