{
  "seed": 2,
  "method": "random",
  "n_regions": 50,
  "max_steps": 5,
  "mean_reward": -1494.2807280175648,
  "std_reward": 7.299458656466811,
  "mean_cropland_change": -1120.8
}