group,n,mean,median,n_positive,n_negative
tier1,15,0.18430920683640856,0.17605784845420838,13,2
tier2,1,0.23577300662463083,0.23577300662463083,1,0
