tier,stratum,n,mean,median,n_positive,n_negative
tier1,Agriculture,4,0.2597121596071575,0.28664588843927985,4,0
tier1,Forest,3,0.14437564891404409,0.10526315789473684,3,0
tier1,Grassland,1,0.2680551939599062,0.2680551939599062,1,0
tier1,Plateau,1,0.21809708737864075,0.21809708737864075,1,0
tier1,Urban,4,0.08653196005762011,0.09182029866626942,3,1
tier1,Wetland,2,0.23019119790316933,0.23019119790316933,1,1
tier2,Wetland,1,0.23577300662463083,0.23577300662463083,1,0
