configuration,n,slope_mean,slope_std,cont_mean,cont_std,reward_mean,reward_std,slope_retention_vs_full
embedding_intervention,15,-0.02769965404201178,0.005282844036586932,0.003902323255439259,0.0008243964607524724,-61.071479196636325,10.573123862098882,0.037350797603739674
full,15,-0.7416080999362222,0.1564114531134126,0.015178715216856839,0.004330537839686238,30.80684234246031,6.494836897005116,1.0
dropout0.3,15,-0.6435898841254535,0.1567114866263549,0.014615912731710878,0.00526229749595401,27.830923187514205,6.778232174791242,0.8678301709228927
dropout1.0,15,-0.09558475138280738,0.04979536341830415,0.006414592180096612,0.0037393781408536788,-49.75654256083671,17.640773920718146,0.12888849432878038
