configuration,n,reward_mean,reward_std,crop_change_mean,crop_change_std,reward_delta_vs_random,reward_delta_vs_greedy
random,15,-1177.6759058176847,2.7930609493481144,-604.72,2.4828554989309115,0.0,7.595979929070836
greedy,15,-1185.2718857467555,0.0,-603.0,0.0,-7.595979929070836,0.0
transfer,15,-1172.1653977057877,5.128248459250695,-602.7333333333333,3.2175116087406663,5.510508111897025,13.10648804096786
