group,n,mean,median,n_positive,n_negative
tier1,8,0.1501172097721385,0.10401497815685457,8,0
