area,start_year,end_year,tier,stratum,n_pixels,true_change_pixels,true_change_pct,model_change_precision,model_change_recall,model_change_f1,persistence_change_f1,spatial_shuffle_change_f1,transition_prior_change_f1,temporal_prior_change_f1,best_non_neural_change_f1,primary_change_advantage,spatial_change_advantage,embedding_model_cosine,embedding_persistence_cosine,embedding_advantage
beibu_gulf_urban_holdout,2020,2021,tier1,Urban,552,60,0.10869565217391304,0.18652849740932642,0.6,0.2845849802371541,0.0,0.18385650224215247,0.1,0.18181818181818182,0.18181818181818182,0.1027667984189723,0.10072847799500165,,0.9739407449035112,
changbai_margin_holdout,2020,2021,tier1,Forest,529,1,0.001890359168241966,0.05555555555555555,1.0,0.10526315789473684,0.0,0.07692307692307693,0.0,0.0,0.0,0.10526315789473684,0.02834008097165991,,0.9810927208864789,
erlong_lake_margin_holdout,2020,2021,tier1,Wetland,529,36,0.06805293005671077,0.0967741935483871,0.25,0.13953488372093023,0.0,0.10810810810810811,0.08247422680412371,0.08163265306122448,0.08247422680412371,0.05706065691680652,0.031426775612822117,,0.9348337420281762,
hexi_irrigation_holdout,2020,2021,tier1,Agriculture,552,5,0.009057971014492754,0.030303030303030304,0.2,0.052631578947368425,0.0,0.052631578947368425,0.02941176470588235,0.027027027027027025,0.02941176470588235,0.023219814241486076,0.0,,0.9761802562639715,
ordos_grassland_holdout,2020,2021,tier1,Grassland,552,45,0.08152173913043478,0.2786885245901639,0.7555555555555555,0.4071856287425149,0.0,0.37634408602150543,0.0,0.09259259259259259,0.09259259259259259,0.3145930361499223,0.030841542721009474,,0.9097407635068792,
songnen_plain_holdout,2020,2021,tier1,Agriculture,529,152,0.28733459357277885,0.3937007874015748,0.6578947368421053,0.4926108374384237,0.0,0.4733475479744137,0.07865168539325842,0.15228426395939088,0.15228426395939088,0.34032657347903283,0.019263289464010014,,0.9226450596859638,
west_sichuan_plateau_holdout,2020,2021,tier1,Plateau,529,59,0.11153119092627599,0.204,0.864406779661017,0.33009708737864074,0.0,0.27272727272727276,0.03870967741935484,0.17094017094017094,0.17094017094017094,0.1591569164384698,0.05736981465136798,,0.9738986468959434,
xiong_an_fringe_holdout,2020,2021,tier1,Urban,576,125,0.2170138888888889,0.2119205298013245,0.256,0.23188405797101452,0.0,0.30660377358490565,0.0,0.13333333333333333,0.13333333333333333,0.09855072463768119,-0.07471971561389112,,0.9235977113459168,
