tier,stratum,n,mean,median,n_positive,n_negative
tier1,Agriculture,2,0.18177319386025945,0.18177319386025945,2,0
tier1,Forest,1,0.10526315789473684,0.10526315789473684,1,0
tier1,Grassland,1,0.3145930361499223,0.3145930361499223,1,0
tier1,Plateau,1,0.1591569164384698,0.1591569164384698,1,0
tier1,Urban,2,0.10065876152832674,0.10065876152832674,2,0
tier1,Wetland,1,0.05706065691680652,0.05706065691680652,1,0
