{
  "grid_size": 36,
  "n_pairs": 55,
  "wall_s": 1.7238337993621826,
  "defaults": {
    "small_mul": 1.5,
    "large_mul": 3.0,
    "threshold_pixels": 50000,
    "p_min": 0.05,
    "p_max": 0.25,
    "quantile": 0.25,
    "target_weight": 1.5,
    "source_weight": 0.65,
    "trans_weight": 0.6
  },
  "grid": {
    "small_mul": [
      1.0,
      1.5,
      2.0
    ],
    "large_mul": [
      2.0,
      3.0,
      4.0
    ],
    "threshold": [
      30000,
      50000,
      70000,
      100000
    ]
  },
  "metric_sensitivity": {
    "change_f1": {
      "min": 0.22703507363931277,
      "max": 0.27614586614254744,
      "range": 0.04911079250323466,
      "mean": 0.25270754420103625,
      "std": 0.019877692911382215
    },
    "fom": {
      "min": 0.133625214901766,
      "max": 0.16856240403988698,
      "range": 0.034937189138120994,
      "mean": 0.15212919209590592,
      "std": 0.014145988922233416
    },
    "transition_accuracy": {
      "min": 0.18053109820773947,
      "max": 0.25420182561123295,
      "range": 0.07367072740349348,
      "mean": 0.2154758403080509,
      "std": 0.030026811756383814
    },
    "allocation_disagreement": {
      "min": 0.12737206239861223,
      "max": 0.1535835506953781,
      "range": 0.026211488296765867,
      "mean": 0.13978683849523543,
      "std": 0.01031391433634507
    }
  }
}