method,n,mean_change_f1,mean_fom,mean_transition_accuracy,mean_allocation_disagreement
geosos_flus_console,24,0.2634985847800414,0.11959200971261123,0.2808197291635949,0.060132924770107406
paper58_changeaware_alloc,24,0.28035608095657155,0.11332948628849142,0.366876787876591,0.08311895413251595
paper58_latent_dynamics,24,0.2767296872145589,0.1140744604263405,0.3710648791708446,0.08729377045373847
paper58_spatial_demand_ratio_external_loo,24,0.2870984693113696,0.1245075065482394,0.270247781469767,0.05818149047894063
paper58_spatial_demand_ratio_external_loo_transition_floor030,24,0.28828074860696956,0.12477431058578216,0.2862439571520737,0.05836969099787661
paper58_spatial_demand_regression_holdoutcal,24,0.24703576745294908,0.10560149666076517,0.24897957582031027,0.06504397133800295
