group,n,mean,median,n_positive,n_negative
tier1,9,0.18890755163284756,0.16796536796536798,9,0
