tier,stratum,n,mean,median,n_positive,n_negative
tier1,Agriculture,1,0.2097902097902098,0.2097902097902098,1,0
tier1,Forest,1,0.06272577996715928,0.06272577996715928,1,0
tier1,Grassland,1,0.1122362869198312,0.1122362869198312,1,0
tier1,Urban,4,0.24142959142959144,0.2656874656874657,4,0
tier1,Wetland,2,0.17484866115003103,0.17484866115003103,2,0
