{
  "seed": 8,
  "label": "greedy",
  "mean_reward": -1659.6700067824852,
  "std_reward": 2.2737367544323206e-13,
  "mean_cropland_change": -694.0,
  "std_cropland_change": 0.0
}