{
  "seed": 13,
  "label": "ppo",
  "training_time_s": 3015.1141345500946,
  "timesteps": 50000,
  "mean_reward": -1639.6701278796977,
  "std_reward": 0.0,
  "mean_cropland_change": -689.0,
  "std_cropland_change": 0.0
}