{
  "seed": 10,
  "label": "ppo",
  "training_time_s": 3113.4168000221252,
  "timesteps": 50000,
  "mean_reward": -1647.870097179696,
  "std_reward": 0.0,
  "mean_cropland_change": -687.0,
  "std_cropland_change": 0.0
}