{
  "seed": 3,
  "label": "ppo",
  "training_time_s": 3130.8237006664276,
  "timesteps": 50000,
  "mean_reward": -1653.569825876235,
  "std_reward": 0.0,
  "mean_cropland_change": -693.0,
  "std_cropland_change": 0.0
}