{
  "seed": 9,
  "label": "ppo",
  "training_time_s": 3170.6770725250244,
  "timesteps": 50000,
  "mean_reward": -1639.0701257342444,
  "std_reward": 0.0,
  "mean_cropland_change": -689.0,
  "std_cropland_change": 0.0
}