{
  "seed": 12,
  "label": "ppo",
  "training_time_s": 3111.6178770065308,
  "timesteps": 50000,
  "mean_reward": -1640.770323918066,
  "std_reward": 0.0,
  "mean_cropland_change": -670.0,
  "std_cropland_change": 0.0
}