{
  "seed": 0,
  "label": "ppo",
  "training_time_s": 5897.903462171555,
  "timesteps": 50000,
  "mean_reward": -1649.870139677811,
  "std_reward": 0.0,
  "mean_cropland_change": -689.0,
  "std_cropland_change": 0.0
}