{
  "seed": 14,
  "label": "ppo",
  "training_time_s": 3037.4380469322205,
  "timesteps": 50000,
  "mean_reward": -1657.8700940526476,
  "std_reward": 0.0,
  "mean_cropland_change": -697.0,
  "std_cropland_change": 0.0
}