method,n,mean_change_f1,mean_fom,mean_transition_accuracy,mean_allocation_disagreement
geosos_flus_console,24,0.2663877031730559,0.12029282025565811,0.2803828488488085,0.058219272760527296
paper58_latent_dynamics,24,0.2767296872145589,0.1140744604263405,0.3710648791708446,0.08729377045373847
paper58_spatial_demand_ratio_external_loo_transition_floor030,24,0.28828074860696956,0.12477431058578216,0.2862439571520737,0.05836969099787661
