area,cosine_advantage,model_end_accuracy,persistence_end_accuracy,end_accuracy_delta
bishan,-0.0062232613563537,0.6405117270788913,0.854919281145294,-0.21440755406640277
poyang_lake,0.0120074152946472,0.7429111531190926,0.8260869565217391,-0.08317580340264652
