{
  "n_current": 10,
  "mean": 0.00472936034202575,
  "sd": 0.013590546582538613,
  "cohen_dz": 0.3479889725776092,
  "required_n_for_80pct_power_two_sided_005": 65
}