subset,n,mean_advantage,sd,se,cohen_dz,t_stat,t_p_two_sided,wilcoxon_stat,wilcoxon_p_two_sided,permutation_p_two_sided,sign_test_p,n_positive,n_negative,bootstrap_ci_lo,bootstrap_ci_hi
all_valid_cached,10,0.00472936034202575,0.013590546582538613,0.004297708184743957,0.3479889725776092,1.1004377539671204,0.29970199770720174,17.0,0.322265625,0.31033,0.34375,7,3,-0.0029507039487361637,0.013072213232517215
no_val_areas,8,0.004621684551239001,0.014967060936865268,0.005291655141444856,0.30879038782125623,0.8733911087745367,0.4114076893436667,11.0,0.3828125,0.37022,0.2890625,6,2,-0.004782743752002713,0.014708943665027573
