tier,stratum,n,mean,median,n_positive,n_negative
tier1,Agriculture,1,0.06250000000000001,0.06250000000000001,1,0
tier1,Forest,1,0.16752136752136754,0.16752136752136754,1,0
tier1,Grassland,1,0.2863768115942029,0.2863768115942029,1,0
tier1,Urban,3,0.11437678543679872,0.13129598189020936,2,1
tier1,Wetland,1,-0.009467775748968649,-0.009467775748968649,0,1
