{
  "status": "pass",
  "tier1_primary_change": {
    "n_rows": 7,
    "n_clusters": 7,
    "mean": 0.12143725138242828,
    "median": 0.13129598189020936,
    "ci_low": 0.03874008044819379,
    "ci_high": 0.20420603374023405
  },
  "tier1_spatial_change": {
    "n_rows": 7,
    "n_clusters": 7,
    "mean": 0.08176168422633252,
    "median": 0.0770499373309585,
    "ci_low": 0.026682096295538787,
    "ci_high": 0.13815669820278118
  },
  "tier1_embedding": {
    "n_rows": 0,
    "n_clusters": 0,
    "mean": null,
    "median": null,
    "ci_low": null,
    "ci_high": null
  },
  "positive_tier1_strata": 4,
  "required_positive_tier1_strata": 3,
  "primary_gate_pass": true,
  "spatial_gate_pass": true,
  "strata_gate_pass": true
}