group,n,mean,median,n_positive,n_negative
tier1,7,0.12143725138242828,0.13129598189020936,5,2
