area,start_year,end_year,tier,stratum,n_pixels,true_change_pixels,true_change_pct,model_change_precision,model_change_recall,model_change_f1,persistence_change_f1,spatial_shuffle_change_f1,transition_prior_change_f1,temporal_prior_change_f1,best_non_neural_change_f1,primary_change_advantage,spatial_change_advantage,embedding_model_cosine,embedding_persistence_cosine,embedding_advantage
dabie_forest_edge_holdout,2020,2021,tier1,Forest,529,23,0.043478260869565216,0.16417910447761194,0.4782608695652174,0.24444444444444446,0.0,0.125,0.07692307692307691,0.03571428571428572,0.07692307692307691,0.16752136752136754,0.11944444444444446,,0.9708798872501023,
huaibei_irrigation_plain_holdout,2020,2021,tier1,Agriculture,529,14,0.026465028355387523,0.08536585365853659,0.5,0.14583333333333334,0.0,0.09929078014184396,0.02702702702702703,0.08333333333333333,0.08333333333333333,0.06250000000000001,0.04654255319148938,,0.9693015010541083,
liaohe_delta_wetland_holdout,2020,2021,tier1,Wetland,529,62,0.11720226843100189,0.1152073732718894,0.4032258064516129,0.1792114695340502,0.0,0.21590909090909094,0.18867924528301885,0.045454545454545456,0.18867924528301885,-0.009467775748968649,-0.036697621375040734,,0.9591692517105519,
renqiu_baiyangdian_edge_holdout,2020,2021,tier1,Urban,529,47,0.0888468809073724,0.2876712328767123,0.44680851063829785,0.35000000000000003,0.0,0.16666666666666669,0.07499999999999998,0.10526315789473682,0.10526315789473682,0.2447368421052632,0.18333333333333335,,0.9776480922039479,
wenan_lakeplain_newtown_holdout,2020,2021,tier1,Urban,552,10,0.018115942028985508,0.0297029702970297,0.3,0.05405405405405406,0.0,0.04395604395604396,0.0,0.08695652173913045,0.08695652173913045,-0.03290246768507639,0.010098010098010098,,0.9641329400871829,
wuxi_taihu_dense_edge_holdout,2020,2021,tier1,Urban,529,27,0.05103969754253308,0.16666666666666666,0.4074074074074074,0.23655913978494622,0.0,0.15950920245398773,0.10526315789473685,0.06779661016949153,0.10526315789473685,0.13129598189020936,0.0770499373309585,,0.9746573006836694,
xilingol_grassland_margin_holdout,2020,2021,tier1,Grassland,552,37,0.06702898550724638,0.24778761061946902,0.7567567567567568,0.37333333333333335,0.0,0.20077220077220076,0.0,0.08695652173913043,0.08695652173913043,0.2863768115942029,0.1725611325611326,,0.9698054140426109,
