{
  "n": 30,
  "n_pos": 16,
  "n_neg": 14,
  "best_ckpt": "latent_dynamics_v2_seed456.pt",
  "mean": -0.003003974755605062,
  "sd": 0.022735618686393254,
  "wilcoxon_p": 0.5698575973510742,
  "t_p": 0.47505612415884635,
  "permutation_p": 0.52955,
  "bootstrap_ci_lo": -0.01206544389327367,
  "bootstrap_ci_hi": 0.0037173095842202475,
  "cohen_dz": -0.13212636951036094
}