area,stratum,primary_change_advantage,spatial_change_advantage,model_change_f1,spatial_shuffle_change_f1
xiong_an_fringe_holdout,Urban,0.09855072463768119,-0.07471971561389112,0.23188405797101452,0.30660377358490565
hexi_irrigation_holdout,Agriculture,0.023219814241486076,0.0,0.052631578947368425,0.052631578947368425
songnen_plain_holdout,Agriculture,0.34032657347903283,0.019263289464010014,0.4926108374384237,0.4733475479744137
changbai_margin_holdout,Forest,0.10526315789473684,0.02834008097165991,0.10526315789473684,0.07692307692307693
ordos_grassland_holdout,Grassland,0.3145930361499223,0.030841542721009474,0.4071856287425149,0.37634408602150543
erlong_lake_margin_holdout,Wetland,0.05706065691680652,0.031426775612822117,0.13953488372093023,0.10810810810810811
west_sichuan_plateau_holdout,Plateau,0.1591569164384698,0.05736981465136798,0.33009708737864074,0.27272727272727276
beibu_gulf_urban_holdout,Urban,0.1027667984189723,0.10072847799500165,0.2845849802371541,0.18385650224215247
