area,start_decode_accuracy,end_decode_accuracy,true_change_pixels,decoded_observed_change_pixels,decoded_observed_change_precision,decoded_observed_change_recall,decoded_observed_change_f1,decoded_observed_best_shift_change_f1,decoded_observed_best_dy,decoded_observed_best_dx,model_change_f1_label_start,model_change_f1_decoded_start,model_end_accuracy,model_start_accuracy
beibu_gulf_urban_holdout,0.6521739130434783,0.6485507246376812,60,34,0.11764705882352941,0.06666666666666667,0.0851063829787234,0.1739130434782609,0,1,0.2845849802371541,0.0,0.6521739130434783,0.6503623188405797
changbai_margin_holdout,0.9848771266540642,0.9678638941398866,1,14,0.0,0.0,0.0,0.14285714285714288,0,1,0.10526315789473684,0.0,0.9678638941398866,0.9659735349716446
erlong_lake_margin_holdout,0.8582230623818525,0.8166351606805293,36,26,0.23076923076923078,0.16666666666666666,0.1935483870967742,0.22580645161290322,0,-1,0.13953488372093023,0.1095890410958904,0.7882797731568998,0.8241965973534972
hexi_irrigation_holdout,0.9148550724637681,0.8061594202898551,5,64,0.0,0.0,0.0,0.07999999999999999,-4,3,0.052631578947368425,0.04347826086956522,0.9347826086956522,0.9402173913043478
ordos_grassland_holdout,0.7717391304347826,0.7155797101449275,45,110,0.23636363636363636,0.5777777777777777,0.33548387096774196,0.33548387096774196,0,0,0.4071856287425149,0.2028985507246377,0.8188405797101449,0.7789855072463768
songnen_plain_holdout,0.39697542533081287,0.553875236294896,152,200,0.285,0.375,0.3238636363636364,0.42006269592476486,4,0,0.4926108374384237,0.30434782608695654,0.553875236294896,0.5198487712665406
west_sichuan_plateau_holdout,0.5879017013232514,0.7466918714555766,59,105,0.2857142857142857,0.5084745762711864,0.36585365853658536,0.3833333333333333,-2,-3,0.33009708737864074,0.25806451612903225,0.5689981096408318,0.5274102079395085
xiong_an_fringe_holdout,0.7361111111111112,0.6527777777777778,125,46,0.5652173913043478,0.208,0.30409356725146197,0.30409356725146197,0,0,0.23188405797101452,0.0,0.6197916666666666,0.7378472222222222
