area,raw_change_f1,best_shift_change_f1,best_dy,best_dx,centroid_true_y,centroid_true_x,centroid_model_y,centroid_model_x
beibu_gulf_urban_holdout,0.2845849802371541,0.2845849802371541,0,0,10.766666666666667,13.05,11.015544041450777,11.797927461139896
changbai_margin_holdout,0.10526315789473684,0.10526315789473684,0,0,1.0,21.0,11.833333333333334,11.222222222222221
erlong_lake_margin_holdout,0.13953488372093023,0.25242718446601947,-3,-1,7.111111111111111,9.694444444444445,7.634408602150538,12.978494623655914
hexi_irrigation_holdout,0.052631578947368425,0.3333333333333333,-1,-2,11.4,12.8,4.454545454545454,10.848484848484848
ordos_grassland_holdout,0.4071856287425149,0.4071856287425149,0,0,15.133333333333333,13.533333333333333,13.71311475409836,12.368852459016393
songnen_plain_holdout,0.4926108374384237,0.4926108374384237,0,0,10.55921052631579,10.81578947368421,11.940944881889763,10.700787401574804
west_sichuan_plateau_holdout,0.33009708737864074,0.33009708737864074,0,0,9.610169491525424,6.694915254237288,10.044,10.356
xiong_an_fringe_holdout,0.23188405797101452,0.35398230088495575,3,3,14.064,13.152,10.728476821192054,13.264900662251655
