true_transition,n_true_pixels,observed_end_top,forecast_end_top,observed_mean_true_end_prob,observed_median_true_end_prob,forecast_mean_true_end_prob,forecast_median_true_end_prob,mean_true_end_prob_delta,observed_top_mean_prob_class,observed_top_mean_prob,forecast_top_mean_prob_class,forecast_top_mean_prob
5->11,38,5:38,5:38,0.00162,0.00139,0.001977,0.001232,0.000357,5,0.923946,5,0.961408
5->7,30,5:25;7:5,5:26;7:4,0.213349,0.071913,0.162721,0.008016,-0.050628,5,0.784187,5,0.834616
7->11,14,5:12;7:2,7:11;5:3,0.002345,0.000939,0.001308,0.000216,-0.001037,5,0.819499,7,0.762629
7->5,12,5:12,7:9;5:3,0.919697,0.953216,0.241589,0.023662,-0.678108,5,0.919697,7,0.757484
4->1,9,1:9,1:9,0.995769,0.996977,0.957577,0.976691,-0.038192,1,0.995769,1,0.957577
5->4,7,5:4;1:3,5:7,0.001259,0.001292,0.000947,0.000701,-0.000312,5,0.606451,5,0.877406
11->5,5,5:5,5:5,0.932754,0.9313,0.872754,0.867635,-0.06,5,0.932754,5,0.872754
11->7,4,5:2;7:2,5:3;7:1,0.486235,0.483159,0.211122,0.153674,-0.275113,5,0.508797,5,0.786309
