true_transition,n_true_pixels,decoded_start_top,decoded_end_top,model_end_top,mean_true_end_prob,median_true_end_prob,top_mean_prob_class,top_mean_prob,second_mean_prob_class,second_mean_prob
5->11,38,5:38,5:38,5:38,0.00162,0.00139,5,0.923946,7,0.073944
5->7,30,5:26;7:4,5:25;7:5,5:26;7:4,0.213349,0.071913,5,0.784187,7,0.213349
7->11,14,7:11;5:3,5:12;7:2,7:11;5:3,0.002345,0.000939,5,0.819499,7,0.17729
7->5,12,7:9;5:3,5:12,7:9;5:3,0.919697,0.953216,5,0.919697,7,0.078412
4->1,9,1:9,1:9,1:9,0.995769,0.996977,1,0.995769,11,0.002388
5->4,7,5:7,5:4;1:3,5:7,0.001259,0.001292,5,0.606451,1,0.346267
11->5,5,5:5,5:5,5:5,0.932754,0.9313,5,0.932754,7,0.064723
11->7,4,5:3;7:1,5:2;7:2,5:3;7:1,0.486235,0.483159,5,0.508797,7,0.486235
