{
  "n": 30,
  "mean": -0.014933959643046061,
  "sd": 0.018417068116295534,
  "wilcoxon_p": 2.551823854446411e-07,
  "t_p": 0.00011938666833276737,
  "permutation_p": 0.0,
  "bootstrap_ci_lo": -0.021834126661221184,
  "bootstrap_ci_hi": -0.008796736995379131,
  "cohen_dz": -0.8108760606598616,
  "eval_sources": {
    "n_areas": 30,
    "roots": {
      "/Users/zhouning/paper58-geofm-world-model-rl/experiments/paper8/data": 30
    }
  }
}