{
  "n": 73,
  "mean": -0.012674578248637996,
  "sd": 0.016556486644921337,
  "wilcoxon_p": 6.785657511731993e-10,
  "t_p": 7.679022451853126e-09,
  "permutation_p": 0.0,
  "bootstrap_ci_lo": -0.01662133997433806,
  "bootstrap_ci_hi": -0.00899421129732916,
  "cohen_dz": -0.7655354979871827,
  "eval_sources": {
    "n_areas": 73,
    "roots": {
      "/Users/zhouning/paper58-geofm-world-model-rl/experiments/paper8/data": 30,
      "/Users/zhouning/paper58-geofm-world-model-rl/data/independent_change_labels/embeddings": 43
    }
  }
}