{
  "seed": 11,
  "label": "random",
  "mean_reward": -1181.67159350678,
  "std_reward": 7.325522756008967,
  "mean_cropland_change": -606.6,
  "std_cropland_change": 10.575443253121827
}