{
  "seed": 10,
  "label": "random",
  "mean_reward": -1174.4121589895844,
  "std_reward": 2.0577198821767144,
  "mean_cropland_change": -601.2,
  "std_cropland_change": 1.7204650534085255
}