{
  "seed": 2,
  "label": "random",
  "mean_reward": -1183.4120406808397,
  "std_reward": 11.317466971683935,
  "mean_cropland_change": -609.6,
  "std_cropland_change": 13.305637902783918
}