group,n,mean,median,n_positive,n_negative
tier1,1,0.26347977664194755,0.26347977664194755,1,0
tier2,10,0.18915389297588645,0.19590960803940538,10,0
