group,n,mean,median,n_positive,n_negative
tier1,7,0.25162800142943026,0.21408323959505066,7,0
tier2,11,0.20877529052078805,0.21680196309147615,11,0
