tier,stratum,n,mean,median,n_positive,n_negative
tier2,Mixed,10,0.18915389297588645,0.19590960803940538,10,0
tier2,Wetland,1,0.26347977664194755,0.26347977664194755,1,0
