group,n,mean,median,n_positive,n_negative
tier2,11,0.1959107914909829,0.19883978775639508,11,0
