tier,stratum,n,mean,median,n_positive,n_negative
tier1,Agriculture,2,0.4686633249791144,0.4686633249791144,2,0
tier1,Forest,2,0.11672399684670565,0.11672399684670565,2,0
tier1,Urban,2,0.0719227174311415,0.0719227174311415,2,0
tier1,Wetland,1,0.4467759314920888,0.4467759314920888,1,0
tier2,Mixed,10,0.20437328627194318,0.21345687265504687,10,0
tier2,Wetland,1,0.25279533300923673,0.25279533300923673,1,0
