group,n,mean,median,n_positive,n_negative
tier1,10,0.14177277825787657,0.14195091692844164,9,1
