{
  "seed": 3,
  "label": "dropout0.3",
  "feature_dropout": 0.3,
  "training_time_s": 3545.787321805954,
  "timesteps": 100000,
  "mean_reward": 17.42089215333459,
  "mean_slope": -0.7022675225843277,
  "mean_cont": 0.009967706664632203
}