{
  "seed": 9,
  "label": "dropout0.3",
  "feature_dropout": 0.3,
  "training_time_s": 2374.5192573070526,
  "timesteps": 100000,
  "mean_reward": 25.412028585298064,
  "mean_slope": -0.9663626671845893,
  "mean_cont": 0.006458667073511837
}