{
  "seed": 8,
  "label": "dropout0.3",
  "feature_dropout": 0.3,
  "training_time_s": 2090.241063594818,
  "timesteps": 100000,
  "mean_reward": 48.35730990775928,
  "mean_slope": -0.9325401631449189,
  "mean_cont": 0.009560861494647188
}