{
  "seed": 10,
  "label": "dropout0.3",
  "feature_dropout": 0.3,
  "training_time_s": 2187.2342727184296,
  "timesteps": 100000,
  "mean_reward": 27.311000240316396,
  "mean_slope": -0.5399230698120014,
  "mean_cont": 0.02186792788669356
}