{
  "seed": 13,
  "label": "dropout0.3",
  "feature_dropout": 0.3,
  "training_time_s": 2251.5920655727386,
  "timesteps": 100000,
  "mean_reward": 28.359515567384687,
  "mean_slope": -0.5932230687711106,
  "mean_cont": 0.01261220026953458
}