{
  "configs": {
    "full": {
      "slope_mean": -0.7416080999362222,
      "slope_std": 0.15110781963236045,
      "cont_mean": 0.015178715216856839,
      "cont_std": 0.0041836970232348395,
      "n": 15
    },
    "dropout0.3": {
      "slope_mean": -0.6435898841254535,
      "slope_std": 0.15139767954386243,
      "cont_mean": 0.014615912731710878,
      "cont_std": 0.005083862370959923,
      "n": 15
    },
    "dropout1.0": {
      "slope_mean": -0.09558475138280739,
      "slope_std": 0.048106891433871,
      "cont_mean": 0.006414592180096612,
      "cont_std": 0.003612582495705073,
      "n": 15
    }
  },
  "pairwise_tests": {
    "slope_full_vs_dropout0.3": {
      "t_stat": -1.7145586089783382,
      "t_p": 0.09747620472426022,
      "mann_whitney_U": 66.0,
      "mw_p": 0.05639236422683157,
      "cohens_d": -0.6260682842014103
    },
    "slope_full_vs_dropout1.0": {
      "t_stat": -15.242697641776376,
      "t_p": 4.366242079193057e-15,
      "mann_whitney_U": 0.0,
      "mw_p": 3.391821390825095e-06,
      "cohens_d": -5.56584622375448
    },
    "slope_dropout0.3_vs_dropout1.0": {
      "t_stat": -12.907508677328305,
      "t_p": 2.617639849820931e-13,
      "mann_whitney_U": 0.0,
      "mw_p": 3.391821390825095e-06,
      "cohens_d": -4.713155775844256
    },
    "cont_full_vs_dropout0.3": {
      "t_stat": 0.3198383938680879,
      "t_p": 0.7514652393181966,
      "mann_whitney_U": 129.5,
      "mw_p": 0.4936339717986785,
      "cohens_d": 0.11678846871851582
    },
    "cont_full_vs_dropout1.0": {
      "t_stat": 5.932502463566395,
      "t_p": 2.194824663211529e-06,
      "mann_whitney_U": 213.5,
      "mw_p": 3.053041156457228e-05,
      "cohens_d": 2.16624361450019
    },
    "cont_dropout0.3_vs_dropout1.0": {
      "t_stat": 4.920316629241178,
      "t_p": 3.448497702600285e-05,
      "mann_whitney_U": 205.0,
      "mw_p": 0.0001351764400636944,
      "cohens_d": 1.796645605268784
    }
  }
}