{
  "seed": 11,
  "label": "dropout0.3",
  "feature_dropout": 0.3,
  "training_time_s": 2281.1252841949463,
  "timesteps": 100000,
  "mean_reward": 24.423338609883725,
  "mean_slope": -0.5080402411247085,
  "mean_cont": 0.020647392376738516
}