{
  "seed": 11,
  "label": "dropout1.0",
  "feature_dropout": 1.0,
  "training_time_s": 2385.3412668704987,
  "timesteps": 100000,
  "mean_reward": -41.77704888784253,
  "mean_slope": -0.11614169814354244,
  "mean_cont": 0.005594121087293402
}