{
  "seed": 12,
  "label": "dropout0.3",
  "feature_dropout": 0.3,
  "training_time_s": 2201.347684621811,
  "timesteps": 100000,
  "mean_reward": 31.505891233285684,
  "mean_slope": -0.7020968529710038,
  "mean_cont": 0.012052788160805239
}