{
  "seed": 5,
  "label": "full",
  "feature_dropout": 0.0,
  "training_time_s": 2779.027533054352,
  "timesteps": 100000,
  "mean_reward": 37.01614272764284,
  "mean_slope": -1.055338379002765,
  "mean_cont": 0.010171129249624933
}