{
  "seed": 10,
  "label": "full",
  "feature_dropout": 0.0,
  "training_time_s": 2804.6271991729736,
  "timesteps": 100000,
  "mean_reward": 22.537852138690784,
  "mean_slope": -0.6861383294228288,
  "mean_cont": 0.013324179317008689
}