{
  "seed": 11,
  "label": "full",
  "feature_dropout": 0.0,
  "training_time_s": 2834.794457912445,
  "timesteps": 100000,
  "mean_reward": 24.24666884126213,
  "mean_slope": -0.7102335293369131,
  "mean_cont": 0.016273806799399715
}