{
  "seed": 7,
  "label": "full",
  "feature_dropout": 0.0,
  "training_time_s": 2882.550175189972,
  "timesteps": 100000,
  "mean_reward": 42.02031176507792,
  "mean_slope": -0.48110246752343244,
  "mean_cont": 0.026241513464032362
}