{
  "seed": 14,
  "label": "full",
  "feature_dropout": 0.0,
  "training_time_s": 2850.538425207138,
  "timesteps": 100000,
  "mean_reward": 25.688224511023055,
  "mean_slope": -0.7202662346686195,
  "mean_cont": 0.01662979632313677
}