{
  "seed": 3,
  "label": "full",
  "feature_dropout": 0.0,
  "training_time_s": 2079.2688603401184,
  "timesteps": 100000,
  "mean_reward": 37.69117449592903,
  "mean_slope": -1.0529383913122339,
  "mean_cont": 0.01342589060950461
}