{
  "seed": 2,
  "label": "full",
  "feature_dropout": 0.0,
  "training_time_s": 2095.8098549842834,
  "timesteps": 100000,
  "mean_reward": 27.206272902353682,
  "mean_slope": -0.5567969213239782,
  "mean_cont": 0.01561268339817401
}